TRACK,TREATMENT,LABEL,FUTURE,ADJUST,METHOD,CURVE
2,CC,product.HarvestedVolume.managed.CW.CC,0,R,,44
2,CC,product.HarvestedVolume.managed.DR.CC,0,R,,45
2,CC,product.HarvestedVolume.managed.FDC.CC,0,R,,46
2,CC,product.HarvestedVolume.managed.HW.CC,0,R,,47
2,CC,product.HarvestedVolume.managed.SS.CC,0,R,,48
2,CC,product.HarvestedVolume.managed.Total.CC,0,R,,49
2,CC,product.QMDNumerator.managed.CWHvm_DR_HW_M.CC,0,R,,105
2,CC,product.Seral.area.immature.CWHvm_DR_HW_M.CC,0,R,,106
2,CC,product.Seral.area.mature.CWHvm_DR_HW_M.CC,0,R,,107
2,CC,product.Seral.area.overmature.CWHvm_DR_HW_M.CC,0,R,,108
2,CC,product.Seral.area.regenerating.CWHvm_DR_HW_M.CC,0,R,,50
2,CC,product.Seral.area.young.CWHvm_DR_HW_M.CC,0,R,,50
2,CC,product.SpeciesProp.managed.CW,0,R,,109
2,CC,product.SpeciesProp.managed.DR,0,R,,110
2,CC,product.SpeciesProp.managed.FDC,0,R,,111
2,CC,product.SpeciesProp.managed.HW,0,R,,112
2,CC,product.SpeciesProp.managed.SS,0,R,,113
2,CC,product.Treated.managed.CC,0,R,,114
2,CC,product.Treated.managed.CWHvm_DR_HW_M.CC,0,R,,114
2,CC,product.Yield.managed.CW,0,R,,44
2,CC,product.Yield.managed.DR,0,R,,45
2,CC,product.Yield.managed.FDC,0,R,,46
2,CC,product.Yield.managed.HW,0,R,,47
2,CC,product.Yield.managed.SS,0,R,,48
2,CC,product.Yield.managed.Total,0,R,,49
4,CC,product.HarvestedVolume.managed.BA.CC,0,R,,148
4,CC,product.HarvestedVolume.managed.CW.CC,0,R,,149
4,CC,product.HarvestedVolume.managed.DR.CC,0,R,,150
4,CC,product.HarvestedVolume.managed.FDC.CC,0,R,,151
4,CC,product.HarvestedVolume.managed.HW.CC,0,R,,152
4,CC,product.HarvestedVolume.managed.PL.CC,0,R,,153
4,CC,product.HarvestedVolume.managed.SS.CC,0,R,,153
4,CC,product.HarvestedVolume.managed.Total.CC,0,R,,154
4,CC,product.QMDNumerator.managed.CWHvm_FDC_HW_H.CC,0,R,,220
4,CC,product.Seral.area.immature.CWHvm_FDC_HW_H.CC,0,R,,221
4,CC,product.Seral.area.mature.CWHvm_FDC_HW_H.CC,0,R,,222
4,CC,product.Seral.area.overmature.CWHvm_FDC_HW_H.CC,0,R,,223
4,CC,product.Seral.area.regenerating.CWHvm_FDC_HW_H.CC,0,R,,155
4,CC,product.Seral.area.young.CWHvm_FDC_HW_H.CC,0,R,,155
4,CC,product.SpeciesProp.managed.BA,0,R,,224
4,CC,product.SpeciesProp.managed.CW,0,R,,225
4,CC,product.SpeciesProp.managed.DR,0,R,,226
4,CC,product.SpeciesProp.managed.FDC,0,R,,227
4,CC,product.SpeciesProp.managed.HW,0,R,,228
4,CC,product.SpeciesProp.managed.PL,0,R,,229
4,CC,product.SpeciesProp.managed.SS,0,R,,229
4,CC,product.Treated.managed.CC,0,R,,230
4,CC,product.Treated.managed.CWHvm_FDC_HW_H.CC,0,R,,230
4,CC,product.Yield.managed.BA,0,R,,148
4,CC,product.Yield.managed.CW,0,R,,149
4,CC,product.Yield.managed.DR,0,R,,150
4,CC,product.Yield.managed.FDC,0,R,,151
4,CC,product.Yield.managed.HW,0,R,,152
4,CC,product.Yield.managed.PL,0,R,,153
4,CC,product.Yield.managed.SS,0,R,,153
4,CC,product.Yield.managed.Total,0,R,,154
4,PCT,product.QMDNumerator.managed.CWHvm_FDC_HW_H.PCT,0,R,,231
4,PCT,product.Treated.managed.CWHvm_FDC_HW_H.PCT,0,R,,232
4,PCT,product.Treated.managed.PCT,0,R,,232
5,CC,product.HarvestedVolume.managed.BA.CC,0,R,,242
5,CC,product.HarvestedVolume.managed.CW.CC,0,R,,243
5,CC,product.HarvestedVolume.managed.DR.CC,0,R,,244
5,CC,product.HarvestedVolume.managed.FDC.CC,0,R,,245
5,CC,product.HarvestedVolume.managed.PL.CC,0,R,,246
5,CC,product.HarvestedVolume.managed.SS.CC,0,R,,246
5,CC,product.HarvestedVolume.managed.Total.CC,0,R,,154
5,CC,product.QMDNumerator.managed.CWHvm_FDC_HW_H.CC,0,R,,220
5,CC,product.SpeciesProp.managed.BA,0,R,,155
5,CC,product.SpeciesProp.managed.CW,0,R,,293
5,CC,product.SpeciesProp.managed.DR,0,R,,155
5,CC,product.SpeciesProp.managed.FDC,0,R,,294
5,CC,product.SpeciesProp.managed.PL,0,R,,155
5,CC,product.SpeciesProp.managed.SS,0,R,,155
5,CC,product.Treated.managed.CC,0,R,,230
5,CC,product.Treated.managed.CWHvm_FDC_HW_H.CC,0,R,,230
5,CC,product.Yield.managed.BA,0,R,,242
5,CC,product.Yield.managed.CW,0,R,,243
5,CC,product.Yield.managed.DR,0,R,,244
5,CC,product.Yield.managed.FDC,0,R,,245
5,CC,product.Yield.managed.PL,0,R,,246
5,CC,product.Yield.managed.SS,0,R,,246
5,CC,product.Yield.managed.Total,0,R,,154
7,CC,product.HarvestedVolume.managed.BA.CC,0,R,,337
7,CC,product.HarvestedVolume.managed.CW.CC,0,R,,338
7,CC,product.HarvestedVolume.managed.DR.CC,0,R,,339
7,CC,product.HarvestedVolume.managed.FDC.CC,0,R,,340
7,CC,product.HarvestedVolume.managed.HW.CC,0,R,,341
7,CC,product.HarvestedVolume.managed.PLC.CC,0,R,,342
7,CC,product.HarvestedVolume.managed.SS.CC,0,R,,343
7,CC,product.HarvestedVolume.managed.Total.CC,0,R,,344
7,CC,product.HarvestedVolume.managed.YC.CC,0,R,,345
7,CC,product.QMDNumerator.managed.CWHvm_HW_CW_M.CC,0,R,,427
7,CC,product.Seral.area.immature.CWHvm_HW_CW_M.CC,0,R,,428
7,CC,product.Seral.area.mature.CWHvm_HW_CW_M.CC,0,R,,429
7,CC,product.Seral.area.overmature.CWHvm_HW_CW_M.CC,0,R,,430
7,CC,product.Seral.area.regenerating.CWHvm_HW_CW_M.CC,0,R,,346
7,CC,product.Seral.area.young.CWHvm_HW_CW_M.CC,0,R,,346
7,CC,product.SpeciesProp.managed.BA,0,R,,431
7,CC,product.SpeciesProp.managed.CW,0,R,,432
7,CC,product.SpeciesProp.managed.DR,0,R,,433
7,CC,product.SpeciesProp.managed.FDC,0,R,,434
7,CC,product.SpeciesProp.managed.HW,0,R,,435
7,CC,product.SpeciesProp.managed.PLC,0,R,,436
7,CC,product.SpeciesProp.managed.SS,0,R,,437
7,CC,product.SpeciesProp.managed.YC,0,R,,438
7,CC,product.Treated.managed.CC,0,R,,439
7,CC,product.Treated.managed.CWHvm_HW_CW_M.CC,0,R,,439
7,CC,product.Yield.managed.BA,0,R,,337
7,CC,product.Yield.managed.CW,0,R,,338
7,CC,product.Yield.managed.DR,0,R,,339
7,CC,product.Yield.managed.FDC,0,R,,340
7,CC,product.Yield.managed.HW,0,R,,341
7,CC,product.Yield.managed.PLC,0,R,,342
7,CC,product.Yield.managed.SS,0,R,,343
7,CC,product.Yield.managed.Total,0,R,,344
7,CC,product.Yield.managed.YC,0,R,,345
9,CC,product.HarvestedVolume.managed.BA.CC,0,R,,466
9,CC,product.HarvestedVolume.managed.CW.CC,0,R,,467
9,CC,product.HarvestedVolume.managed.DR.CC,0,R,,468
9,CC,product.HarvestedVolume.managed.FDC.CC,0,R,,469
9,CC,product.HarvestedVolume.managed.HW.CC,0,R,,470
9,CC,product.HarvestedVolume.managed.PL.CC,0,R,,471
9,CC,product.HarvestedVolume.managed.SS.CC,0,R,,471
9,CC,product.HarvestedVolume.managed.Total.CC,0,R,,472
9,CC,product.QMDNumerator.managed.CWHvm_HW_FDC_H.CC,0,R,,536
9,CC,product.Seral.area.immature.CWHvm_HW_FDC_H.CC,0,R,,221
9,CC,product.Seral.area.mature.CWHvm_HW_FDC_H.CC,0,R,,222
9,CC,product.Seral.area.overmature.CWHvm_HW_FDC_H.CC,0,R,,223
9,CC,product.Seral.area.regenerating.CWHvm_HW_FDC_H.CC,0,R,,155
9,CC,product.Seral.area.young.CWHvm_HW_FDC_H.CC,0,R,,155
9,CC,product.SpeciesProp.managed.BA,0,R,,224
9,CC,product.SpeciesProp.managed.CW,0,R,,537
9,CC,product.SpeciesProp.managed.DR,0,R,,538
9,CC,product.SpeciesProp.managed.FDC,0,R,,539
9,CC,product.SpeciesProp.managed.HW,0,R,,540
9,CC,product.SpeciesProp.managed.PL,0,R,,541
9,CC,product.SpeciesProp.managed.SS,0,R,,541
9,CC,product.Treated.managed.CC,0,R,,230
9,CC,product.Treated.managed.CWHvm_HW_FDC_H.CC,0,R,,230
9,CC,product.Yield.managed.BA,0,R,,466
9,CC,product.Yield.managed.CW,0,R,,467
9,CC,product.Yield.managed.DR,0,R,,468
9,CC,product.Yield.managed.FDC,0,R,,469
9,CC,product.Yield.managed.HW,0,R,,470
9,CC,product.Yield.managed.PL,0,R,,471
9,CC,product.Yield.managed.SS,0,R,,471
9,CC,product.Yield.managed.Total,0,R,,472
9,PCT,product.QMDNumerator.managed.CWHvm_HW_FDC_H.PCT,0,R,,231
9,PCT,product.Treated.managed.CWHvm_HW_FDC_H.PCT,0,R,,232
9,PCT,product.Treated.managed.PCT,0,R,,232
10,CC,product.HarvestedVolume.managed.BA.CC,0,R,,551
10,CC,product.HarvestedVolume.managed.CW.CC,0,R,,552
10,CC,product.HarvestedVolume.managed.DR.CC,0,R,,553
10,CC,product.HarvestedVolume.managed.FDC.CC,0,R,,554
10,CC,product.HarvestedVolume.managed.PL.CC,0,R,,555
10,CC,product.HarvestedVolume.managed.SS.CC,0,R,,555
10,CC,product.HarvestedVolume.managed.Total.CC,0,R,,472
10,CC,product.QMDNumerator.managed.CWHvm_HW_FDC_H.CC,0,R,,536
10,CC,product.SpeciesProp.managed.BA,0,R,,155
10,CC,product.SpeciesProp.managed.CW,0,R,,603
10,CC,product.SpeciesProp.managed.DR,0,R,,604
10,CC,product.SpeciesProp.managed.FDC,0,R,,605
10,CC,product.SpeciesProp.managed.PL,0,R,,155
10,CC,product.SpeciesProp.managed.SS,0,R,,155
10,CC,product.Treated.managed.CC,0,R,,230
10,CC,product.Treated.managed.CWHvm_HW_FDC_H.CC,0,R,,230
10,CC,product.Yield.managed.BA,0,R,,551
10,CC,product.Yield.managed.CW,0,R,,552
10,CC,product.Yield.managed.DR,0,R,,553
10,CC,product.Yield.managed.FDC,0,R,,554
10,CC,product.Yield.managed.PL,0,R,,555
10,CC,product.Yield.managed.SS,0,R,,555
10,CC,product.Yield.managed.Total,0,R,,472
12,CC,product.HarvestedVolume.managed.BA.CC,0,R,,645
12,CC,product.HarvestedVolume.managed.CW.CC,0,R,,646
12,CC,product.HarvestedVolume.managed.DR.CC,0,R,,647
12,CC,product.HarvestedVolume.managed.FDC.CC,0,R,,648
12,CC,product.HarvestedVolume.managed.HW.CC,0,R,,649
12,CC,product.HarvestedVolume.managed.PLC.CC,0,R,,650
12,CC,product.HarvestedVolume.managed.SS.CC,0,R,,651
12,CC,product.HarvestedVolume.managed.Total.CC,0,R,,652
12,CC,product.HarvestedVolume.managed.YC.CC,0,R,,653
12,CC,product.QMDNumerator.managed.CWHvm_HW_CW_L.CC,0,R,,734
12,CC,product.Seral.area.immature.CWHvm_HW_CW_L.CC,0,R,,106
12,CC,product.Seral.area.mature.CWHvm_HW_CW_L.CC,0,R,,735
12,CC,product.Seral.area.overmature.CWHvm_HW_CW_L.CC,0,R,,736
12,CC,product.Seral.area.regenerating.CWHvm_HW_CW_L.CC,0,R,,50
12,CC,product.Seral.area.young.CWHvm_HW_CW_L.CC,0,R,,50
12,CC,product.SpeciesProp.managed.BA,0,R,,737
12,CC,product.SpeciesProp.managed.CW,0,R,,738
12,CC,product.SpeciesProp.managed.DR,0,R,,739
12,CC,product.SpeciesProp.managed.FDC,0,R,,740
12,CC,product.SpeciesProp.managed.HW,0,R,,741
12,CC,product.SpeciesProp.managed.PLC,0,R,,742
12,CC,product.SpeciesProp.managed.SS,0,R,,743
12,CC,product.SpeciesProp.managed.YC,0,R,,744
12,CC,product.Treated.managed.CC,0,R,,114
12,CC,product.Treated.managed.CWHvm_HW_CW_L.CC,0,R,,114
12,CC,product.Yield.managed.BA,0,R,,645
12,CC,product.Yield.managed.CW,0,R,,646
12,CC,product.Yield.managed.DR,0,R,,647
12,CC,product.Yield.managed.FDC,0,R,,648
12,CC,product.Yield.managed.HW,0,R,,649
12,CC,product.Yield.managed.PLC,0,R,,650
12,CC,product.Yield.managed.SS,0,R,,651
12,CC,product.Yield.managed.Total,0,R,,652
12,CC,product.Yield.managed.YC,0,R,,653
13,CC,product.HarvestedVolume.managed.BA.CC,0,R,,753
13,CC,product.HarvestedVolume.managed.CW.CC,0,R,,754
13,CC,product.HarvestedVolume.managed.DR.CC,0,R,,755
13,CC,product.HarvestedVolume.managed.FDC.CC,0,R,,756
13,CC,product.HarvestedVolume.managed.HW.CC,0,R,,757
13,CC,product.HarvestedVolume.managed.PLC.CC,0,R,,758
13,CC,product.HarvestedVolume.managed.SS.CC,0,R,,759
13,CC,product.HarvestedVolume.managed.Total.CC,0,R,,652
13,CC,product.HarvestedVolume.managed.YC.CC,0,R,,760
13,CC,product.QMDNumerator.managed.CWHvm_HW_CW_L.CC,0,R,,734
13,CC,product.Seral.area.immature.CWHvm_HW_CW_L.CC,0,R,,106
13,CC,product.Seral.area.mature.CWHvm_HW_CW_L.CC,0,R,,735
13,CC,product.Seral.area.overmature.CWHvm_HW_CW_L.CC,0,R,,736
13,CC,product.Seral.area.regenerating.CWHvm_HW_CW_L.CC,0,R,,50
13,CC,product.Seral.area.young.CWHvm_HW_CW_L.CC,0,R,,50
13,CC,product.SpeciesProp.managed.BA,0,R,,833
13,CC,product.SpeciesProp.managed.CW,0,R,,834
13,CC,product.SpeciesProp.managed.DR,0,R,,835
13,CC,product.SpeciesProp.managed.FDC,0,R,,836
13,CC,product.SpeciesProp.managed.HW,0,R,,837
13,CC,product.SpeciesProp.managed.PLC,0,R,,838
13,CC,product.SpeciesProp.managed.SS,0,R,,839
13,CC,product.SpeciesProp.managed.YC,0,R,,840
13,CC,product.Treated.managed.CC,0,R,,114
13,CC,product.Treated.managed.CWHvm_HW_CW_L.CC,0,R,,114
13,CC,product.Yield.managed.BA,0,R,,753
13,CC,product.Yield.managed.CW,0,R,,754
13,CC,product.Yield.managed.DR,0,R,,755
13,CC,product.Yield.managed.FDC,0,R,,756
13,CC,product.Yield.managed.HW,0,R,,757
13,CC,product.Yield.managed.PLC,0,R,,758
13,CC,product.Yield.managed.SS,0,R,,759
13,CC,product.Yield.managed.Total,0,R,,652
13,CC,product.Yield.managed.YC,0,R,,760
15,CC,product.HarvestedVolume.managed.BA.CC,0,R,,863
15,CC,product.HarvestedVolume.managed.CW.CC,0,R,,864
15,CC,product.HarvestedVolume.managed.DR.CC,0,R,,865
15,CC,product.HarvestedVolume.managed.FDC.CC,0,R,,866
15,CC,product.HarvestedVolume.managed.HW.CC,0,R,,867
15,CC,product.HarvestedVolume.managed.PL.CC,0,R,,868
15,CC,product.HarvestedVolume.managed.SS.CC,0,R,,868
15,CC,product.HarvestedVolume.managed.Total.CC,0,R,,869
15,CC,product.QMDNumerator.managed.CWHvm_FDC_HW_L.CC,0,R,,933
15,CC,product.Seral.area.immature.CWHvm_FDC_HW_L.CC,0,R,,428
15,CC,product.Seral.area.mature.CWHvm_FDC_HW_L.CC,0,R,,934
15,CC,product.Seral.area.overmature.CWHvm_FDC_HW_L.CC,0,R,,935
15,CC,product.Seral.area.regenerating.CWHvm_FDC_HW_L.CC,0,R,,346
15,CC,product.Seral.area.young.CWHvm_FDC_HW_L.CC,0,R,,346
15,CC,product.SpeciesProp.managed.BA,0,R,,936
15,CC,product.SpeciesProp.managed.CW,0,R,,937
15,CC,product.SpeciesProp.managed.DR,0,R,,938
15,CC,product.SpeciesProp.managed.FDC,0,R,,939
15,CC,product.SpeciesProp.managed.HW,0,R,,940
15,CC,product.SpeciesProp.managed.PL,0,R,,941
15,CC,product.SpeciesProp.managed.SS,0,R,,941
15,CC,product.Treated.managed.CC,0,R,,439
15,CC,product.Treated.managed.CWHvm_FDC_HW_L.CC,0,R,,439
15,CC,product.Yield.managed.BA,0,R,,863
15,CC,product.Yield.managed.CW,0,R,,864
15,CC,product.Yield.managed.DR,0,R,,865
15,CC,product.Yield.managed.FDC,0,R,,866
15,CC,product.Yield.managed.HW,0,R,,867
15,CC,product.Yield.managed.PL,0,R,,868
15,CC,product.Yield.managed.SS,0,R,,868
15,CC,product.Yield.managed.Total,0,R,,869
17,CC,product.HarvestedVolume.managed.BA.CC,0,R,,967
17,CC,product.HarvestedVolume.managed.CW.CC,0,R,,968
17,CC,product.HarvestedVolume.managed.DR.CC,0,R,,969
17,CC,product.HarvestedVolume.managed.FDC.CC,0,R,,970
17,CC,product.HarvestedVolume.managed.HW.CC,0,R,,971
17,CC,product.HarvestedVolume.managed.PLC.CC,0,R,,972
17,CC,product.HarvestedVolume.managed.SS.CC,0,R,,973
17,CC,product.HarvestedVolume.managed.Total.CC,0,R,,974
17,CC,product.HarvestedVolume.managed.YC.CC,0,R,,975
17,CC,product.QMDNumerator.managed.CWHvm_CW_HW_M.CC,0,R,,1056
17,CC,product.Seral.area.immature.CWHvm_CW_HW_M.CC,0,R,,106
17,CC,product.Seral.area.mature.CWHvm_CW_HW_M.CC,0,R,,735
17,CC,product.Seral.area.overmature.CWHvm_CW_HW_M.CC,0,R,,736
17,CC,product.Seral.area.regenerating.CWHvm_CW_HW_M.CC,0,R,,50
17,CC,product.Seral.area.young.CWHvm_CW_HW_M.CC,0,R,,50
17,CC,product.SpeciesProp.managed.BA,0,R,,737
17,CC,product.SpeciesProp.managed.CW,0,R,,738
17,CC,product.SpeciesProp.managed.DR,0,R,,739
17,CC,product.SpeciesProp.managed.FDC,0,R,,740
17,CC,product.SpeciesProp.managed.HW,0,R,,741
17,CC,product.SpeciesProp.managed.PLC,0,R,,742
17,CC,product.SpeciesProp.managed.SS,0,R,,1057
17,CC,product.SpeciesProp.managed.YC,0,R,,744
17,CC,product.Treated.managed.CC,0,R,,114
17,CC,product.Treated.managed.CWHvm_CW_HW_M.CC,0,R,,114
17,CC,product.Yield.managed.BA,0,R,,967
17,CC,product.Yield.managed.CW,0,R,,968
17,CC,product.Yield.managed.DR,0,R,,969
17,CC,product.Yield.managed.FDC,0,R,,970
17,CC,product.Yield.managed.HW,0,R,,971
17,CC,product.Yield.managed.PLC,0,R,,972
17,CC,product.Yield.managed.SS,0,R,,973
17,CC,product.Yield.managed.Total,0,R,,974
17,CC,product.Yield.managed.YC,0,R,,975
18,CC,product.HarvestedVolume.managed.BA.CC,0,R,,1067
18,CC,product.HarvestedVolume.managed.CW.CC,0,R,,1068
18,CC,product.HarvestedVolume.managed.DR.CC,0,R,,1069
18,CC,product.HarvestedVolume.managed.FDC.CC,0,R,,1070
18,CC,product.HarvestedVolume.managed.HW.CC,0,R,,1071
18,CC,product.HarvestedVolume.managed.PLC.CC,0,R,,1072
18,CC,product.HarvestedVolume.managed.SS.CC,0,R,,1073
18,CC,product.HarvestedVolume.managed.Total.CC,0,R,,974
18,CC,product.HarvestedVolume.managed.YC.CC,0,R,,1074
18,CC,product.QMDNumerator.managed.CWHvm_CW_HW_M.CC,0,R,,1056
18,CC,product.Seral.area.immature.CWHvm_CW_HW_M.CC,0,R,,106
18,CC,product.Seral.area.mature.CWHvm_CW_HW_M.CC,0,R,,735
18,CC,product.Seral.area.overmature.CWHvm_CW_HW_M.CC,0,R,,736
18,CC,product.Seral.area.regenerating.CWHvm_CW_HW_M.CC,0,R,,50
18,CC,product.Seral.area.young.CWHvm_CW_HW_M.CC,0,R,,50
18,CC,product.SpeciesProp.managed.BA,0,R,,833
18,CC,product.SpeciesProp.managed.CW,0,R,,834
18,CC,product.SpeciesProp.managed.DR,0,R,,835
18,CC,product.SpeciesProp.managed.FDC,0,R,,836
18,CC,product.SpeciesProp.managed.HW,0,R,,837
18,CC,product.SpeciesProp.managed.PLC,0,R,,1145
18,CC,product.SpeciesProp.managed.SS,0,R,,839
18,CC,product.SpeciesProp.managed.YC,0,R,,840
18,CC,product.Treated.managed.CC,0,R,,114
18,CC,product.Treated.managed.CWHvm_CW_HW_M.CC,0,R,,114
18,CC,product.Yield.managed.BA,0,R,,1067
18,CC,product.Yield.managed.CW,0,R,,1068
18,CC,product.Yield.managed.DR,0,R,,1069
18,CC,product.Yield.managed.FDC,0,R,,1070
18,CC,product.Yield.managed.HW,0,R,,1071
18,CC,product.Yield.managed.PLC,0,R,,1072
18,CC,product.Yield.managed.SS,0,R,,1073
18,CC,product.Yield.managed.Total,0,R,,974
18,CC,product.Yield.managed.YC,0,R,,1074
20,CC,product.HarvestedVolume.managed.BA.CC,0,R,,1168
20,CC,product.HarvestedVolume.managed.CW.CC,0,R,,1169
20,CC,product.HarvestedVolume.managed.DR.CC,0,R,,1170
20,CC,product.HarvestedVolume.managed.FDC.CC,0,R,,1171
20,CC,product.HarvestedVolume.managed.HW.CC,0,R,,1172
20,CC,product.HarvestedVolume.managed.PL.CC,0,R,,1173
20,CC,product.HarvestedVolume.managed.SS.CC,0,R,,1173
20,CC,product.HarvestedVolume.managed.Total.CC,0,R,,1174
20,CC,product.QMDNumerator.managed.CWHvm_HW_FDC_L.CC,0,R,,1239
20,CC,product.Seral.area.immature.CWHvm_HW_FDC_L.CC,0,R,,1240
20,CC,product.Seral.area.mature.CWHvm_HW_FDC_L.CC,0,R,,1241
20,CC,product.Seral.area.overmature.CWHvm_HW_FDC_L.CC,0,R,,1242
20,CC,product.Seral.area.regenerating.CWHvm_HW_FDC_L.CC,0,R,,1175
20,CC,product.Seral.area.young.CWHvm_HW_FDC_L.CC,0,R,,1175
20,CC,product.SpeciesProp.managed.BA,0,R,,1243
20,CC,product.SpeciesProp.managed.CW,0,R,,1244
20,CC,product.SpeciesProp.managed.DR,0,R,,1245
20,CC,product.SpeciesProp.managed.FDC,0,R,,1246
20,CC,product.SpeciesProp.managed.HW,0,R,,1247
20,CC,product.SpeciesProp.managed.PL,0,R,,1248
20,CC,product.SpeciesProp.managed.SS,0,R,,1248
20,CC,product.Treated.managed.CC,0,R,,1249
20,CC,product.Treated.managed.CWHvm_HW_FDC_L.CC,0,R,,1249
20,CC,product.Yield.managed.BA,0,R,,1168
20,CC,product.Yield.managed.CW,0,R,,1169
20,CC,product.Yield.managed.DR,0,R,,1170
20,CC,product.Yield.managed.FDC,0,R,,1171
20,CC,product.Yield.managed.HW,0,R,,1172
20,CC,product.Yield.managed.PL,0,R,,1173
20,CC,product.Yield.managed.SS,0,R,,1173
20,CC,product.Yield.managed.Total,0,R,,1174
22,CC,product.HarvestedVolume.managed.BA.CC,0,R,,1269
22,CC,product.HarvestedVolume.managed.CW.CC,0,R,,1270
22,CC,product.HarvestedVolume.managed.DR.CC,0,R,,1271
22,CC,product.HarvestedVolume.managed.FDC.CC,0,R,,1272
22,CC,product.HarvestedVolume.managed.HW.CC,0,R,,1273
22,CC,product.HarvestedVolume.managed.PL.CC,0,R,,1274
22,CC,product.HarvestedVolume.managed.SS.CC,0,R,,1274
22,CC,product.HarvestedVolume.managed.Total.CC,0,R,,1275
22,CC,product.QMDNumerator.managed.CWHvm_FDC_HW_M.CC,0,R,,1340
22,CC,product.Seral.area.immature.CWHvm_FDC_HW_M.CC,0,R,,221
22,CC,product.Seral.area.mature.CWHvm_FDC_HW_M.CC,0,R,,222
22,CC,product.Seral.area.overmature.CWHvm_FDC_HW_M.CC,0,R,,223
22,CC,product.Seral.area.regenerating.CWHvm_FDC_HW_M.CC,0,R,,155
22,CC,product.Seral.area.young.CWHvm_FDC_HW_M.CC,0,R,,155
22,CC,product.SpeciesProp.managed.BA,0,R,,224
22,CC,product.SpeciesProp.managed.CW,0,R,,225
22,CC,product.SpeciesProp.managed.DR,0,R,,538
22,CC,product.SpeciesProp.managed.FDC,0,R,,227
22,CC,product.SpeciesProp.managed.HW,0,R,,228
22,CC,product.SpeciesProp.managed.PL,0,R,,541
22,CC,product.SpeciesProp.managed.SS,0,R,,541
22,CC,product.Treated.managed.CC,0,R,,230
22,CC,product.Treated.managed.CWHvm_FDC_HW_M.CC,0,R,,230
22,CC,product.Yield.managed.BA,0,R,,1269
22,CC,product.Yield.managed.CW,0,R,,1270
22,CC,product.Yield.managed.DR,0,R,,1271
22,CC,product.Yield.managed.FDC,0,R,,1272
22,CC,product.Yield.managed.HW,0,R,,1273
22,CC,product.Yield.managed.PL,0,R,,1274
22,CC,product.Yield.managed.SS,0,R,,1274
22,CC,product.Yield.managed.Total,0,R,,1275
22,PCT,product.QMDNumerator.managed.CWHvm_FDC_HW_M.PCT,0,R,,231
22,PCT,product.Treated.managed.CWHvm_FDC_HW_M.PCT,0,R,,232
22,PCT,product.Treated.managed.PCT,0,R,,232
23,CC,product.HarvestedVolume.managed.BA.CC,0,R,,1348
23,CC,product.HarvestedVolume.managed.CW.CC,0,R,,1349
23,CC,product.HarvestedVolume.managed.DR.CC,0,R,,1350
23,CC,product.HarvestedVolume.managed.FDC.CC,0,R,,1351
23,CC,product.HarvestedVolume.managed.PL.CC,0,R,,1352
23,CC,product.HarvestedVolume.managed.SS.CC,0,R,,1352
23,CC,product.HarvestedVolume.managed.Total.CC,0,R,,1275
23,CC,product.QMDNumerator.managed.CWHvm_FDC_HW_M.CC,0,R,,1340
23,CC,product.SpeciesProp.managed.BA,0,R,,155
23,CC,product.SpeciesProp.managed.CW,0,R,,1399
23,CC,product.SpeciesProp.managed.DR,0,R,,155
23,CC,product.SpeciesProp.managed.FDC,0,R,,1400
23,CC,product.SpeciesProp.managed.PL,0,R,,155
23,CC,product.SpeciesProp.managed.SS,0,R,,155
23,CC,product.Treated.managed.CC,0,R,,230
23,CC,product.Treated.managed.CWHvm_FDC_HW_M.CC,0,R,,230
23,CC,product.Yield.managed.BA,0,R,,1348
23,CC,product.Yield.managed.CW,0,R,,1349
23,CC,product.Yield.managed.DR,0,R,,1350
23,CC,product.Yield.managed.FDC,0,R,,1351
23,CC,product.Yield.managed.PL,0,R,,1352
23,CC,product.Yield.managed.SS,0,R,,1352
23,CC,product.Yield.managed.Total,0,R,,1275
25,CC,product.HarvestedVolume.managed.BA.CC,0,R,,1432
25,CC,product.HarvestedVolume.managed.CW.CC,0,R,,1433
25,CC,product.HarvestedVolume.managed.DR.CC,0,R,,1434
25,CC,product.HarvestedVolume.managed.FDC.CC,0,R,,1435
25,CC,product.HarvestedVolume.managed.HW.CC,0,R,,1436
25,CC,product.HarvestedVolume.managed.PLC.CC,0,R,,1437
25,CC,product.HarvestedVolume.managed.SS.CC,0,R,,1438
25,CC,product.HarvestedVolume.managed.Total.CC,0,R,,1439
25,CC,product.HarvestedVolume.managed.YC.CC,0,R,,1440
25,CC,product.QMDNumerator.managed.CWHvm_HW_CW_H.CC,0,R,,1521
25,CC,product.Seral.area.immature.CWHvm_HW_CW_H.CC,0,R,,1240
25,CC,product.Seral.area.mature.CWHvm_HW_CW_H.CC,0,R,,1522
25,CC,product.Seral.area.overmature.CWHvm_HW_CW_H.CC,0,R,,1523
25,CC,product.Seral.area.regenerating.CWHvm_HW_CW_H.CC,0,R,,1175
25,CC,product.Seral.area.young.CWHvm_HW_CW_H.CC,0,R,,1175
25,CC,product.SpeciesProp.managed.BA,0,R,,1524
25,CC,product.SpeciesProp.managed.CW,0,R,,1525
25,CC,product.SpeciesProp.managed.DR,0,R,,1526
25,CC,product.SpeciesProp.managed.FDC,0,R,,1527
25,CC,product.SpeciesProp.managed.HW,0,R,,1528
25,CC,product.SpeciesProp.managed.PLC,0,R,,1529
25,CC,product.SpeciesProp.managed.SS,0,R,,1530
25,CC,product.SpeciesProp.managed.YC,0,R,,1531
25,CC,product.Treated.managed.CC,0,R,,1249
25,CC,product.Treated.managed.CWHvm_HW_CW_H.CC,0,R,,1249
25,CC,product.Yield.managed.BA,0,R,,1432
25,CC,product.Yield.managed.CW,0,R,,1433
25,CC,product.Yield.managed.DR,0,R,,1434
25,CC,product.Yield.managed.FDC,0,R,,1435
25,CC,product.Yield.managed.HW,0,R,,1436
25,CC,product.Yield.managed.PLC,0,R,,1437
25,CC,product.Yield.managed.SS,0,R,,1438
25,CC,product.Yield.managed.Total,0,R,,1439
25,CC,product.Yield.managed.YC,0,R,,1440
26,CC,product.HarvestedVolume.managed.BA.CC,0,R,,1540
26,CC,product.HarvestedVolume.managed.CW.CC,0,R,,1541
26,CC,product.HarvestedVolume.managed.DR.CC,0,R,,1542
26,CC,product.HarvestedVolume.managed.FDC.CC,0,R,,1543
26,CC,product.HarvestedVolume.managed.HW.CC,0,R,,1544
26,CC,product.HarvestedVolume.managed.PLC.CC,0,R,,1545
26,CC,product.HarvestedVolume.managed.SS.CC,0,R,,1546
26,CC,product.HarvestedVolume.managed.Total.CC,0,R,,1439
26,CC,product.HarvestedVolume.managed.YC.CC,0,R,,1547
26,CC,product.QMDNumerator.managed.CWHvm_HW_CW_H.CC,0,R,,1521
26,CC,product.Seral.area.immature.CWHvm_HW_CW_H.CC,0,R,,1240
26,CC,product.Seral.area.mature.CWHvm_HW_CW_H.CC,0,R,,1522
26,CC,product.Seral.area.overmature.CWHvm_HW_CW_H.CC,0,R,,1523
26,CC,product.Seral.area.regenerating.CWHvm_HW_CW_H.CC,0,R,,1175
26,CC,product.Seral.area.young.CWHvm_HW_CW_H.CC,0,R,,1175
26,CC,product.SpeciesProp.managed.BA,0,R,,1617
26,CC,product.SpeciesProp.managed.CW,0,R,,1618
26,CC,product.SpeciesProp.managed.DR,0,R,,1619
26,CC,product.SpeciesProp.managed.FDC,0,R,,1620
26,CC,product.SpeciesProp.managed.HW,0,R,,1621
26,CC,product.SpeciesProp.managed.PLC,0,R,,1622
26,CC,product.SpeciesProp.managed.SS,0,R,,1623
26,CC,product.SpeciesProp.managed.YC,0,R,,1624
26,CC,product.Treated.managed.CC,0,R,,1249
26,CC,product.Treated.managed.CWHvm_HW_CW_H.CC,0,R,,1249
26,CC,product.Yield.managed.BA,0,R,,1540
26,CC,product.Yield.managed.CW,0,R,,1541
26,CC,product.Yield.managed.DR,0,R,,1542
26,CC,product.Yield.managed.FDC,0,R,,1543
26,CC,product.Yield.managed.HW,0,R,,1544
26,CC,product.Yield.managed.PLC,0,R,,1545
26,CC,product.Yield.managed.SS,0,R,,1546
26,CC,product.Yield.managed.Total,0,R,,1439
26,CC,product.Yield.managed.YC,0,R,,1547
28,CC,product.HarvestedVolume.managed.BA.CC,0,R,,1654
28,CC,product.HarvestedVolume.managed.CW.CC,0,R,,1655
28,CC,product.HarvestedVolume.managed.DR.CC,0,R,,1656
28,CC,product.HarvestedVolume.managed.FDC.CC,0,R,,1657
28,CC,product.HarvestedVolume.managed.HW.CC,0,R,,1658
28,CC,product.HarvestedVolume.managed.PL.CC,0,R,,1659
28,CC,product.HarvestedVolume.managed.SS.CC,0,R,,1659
28,CC,product.HarvestedVolume.managed.Total.CC,0,R,,1660
28,CC,product.QMDNumerator.managed.CWHvm_HW_FDC_L.CC,0,R,,1723
28,CC,product.Seral.area.immature.CWHvm_HW_FDC_L.CC,0,R,,1724
28,CC,product.Seral.area.mature.CWHvm_HW_FDC_L.CC,0,R,,1725
28,CC,product.Seral.area.overmature.CWHvm_HW_FDC_L.CC,0,R,,1726
28,CC,product.Seral.area.regenerating.CWHvm_HW_FDC_L.CC,0,R,,1175
28,CC,product.Seral.area.young.CWHvm_HW_FDC_L.CC,0,R,,1175
28,CC,product.SpeciesProp.managed.BA,0,R,,1727
28,CC,product.SpeciesProp.managed.CW,0,R,,1728
28,CC,product.SpeciesProp.managed.DR,0,R,,1729
28,CC,product.SpeciesProp.managed.FDC,0,R,,1730
28,CC,product.SpeciesProp.managed.HW,0,R,,1731
28,CC,product.SpeciesProp.managed.PL,0,R,,1732
28,CC,product.SpeciesProp.managed.SS,0,R,,1732
28,CC,product.Treated.managed.CC,0,R,,1733
28,CC,product.Treated.managed.CWHvm_HW_FDC_L.CC,0,R,,1733
28,CC,product.Yield.managed.BA,0,R,,1654
28,CC,product.Yield.managed.CW,0,R,,1655
28,CC,product.Yield.managed.DR,0,R,,1656
28,CC,product.Yield.managed.FDC,0,R,,1657
28,CC,product.Yield.managed.HW,0,R,,1658
28,CC,product.Yield.managed.PL,0,R,,1659
28,CC,product.Yield.managed.SS,0,R,,1659
28,CC,product.Yield.managed.Total,0,R,,1660
30,CC,product.HarvestedVolume.managed.BA.CC,0,R,,1756
30,CC,product.HarvestedVolume.managed.CW.CC,0,R,,1757
30,CC,product.HarvestedVolume.managed.DR.CC,0,R,,1758
30,CC,product.HarvestedVolume.managed.FDC.CC,0,R,,1759
30,CC,product.HarvestedVolume.managed.HW.CC,0,R,,1760
30,CC,product.HarvestedVolume.managed.PLC.CC,0,R,,1761
30,CC,product.HarvestedVolume.managed.SS.CC,0,R,,1762
30,CC,product.HarvestedVolume.managed.Total.CC,0,R,,1763
30,CC,product.HarvestedVolume.managed.YC.CC,0,R,,1764
30,CC,product.QMDNumerator.managed.CWHvm_HW_CW_M.CC,0,R,,1845
30,CC,product.Seral.area.immature.CWHvm_HW_CW_M.CC,0,R,,428
30,CC,product.Seral.area.mature.CWHvm_HW_CW_M.CC,0,R,,429
30,CC,product.Seral.area.overmature.CWHvm_HW_CW_M.CC,0,R,,430
30,CC,product.Seral.area.regenerating.CWHvm_HW_CW_M.CC,0,R,,346
30,CC,product.Seral.area.young.CWHvm_HW_CW_M.CC,0,R,,346
30,CC,product.SpeciesProp.managed.BA,0,R,,1846
30,CC,product.SpeciesProp.managed.CW,0,R,,1847
30,CC,product.SpeciesProp.managed.DR,0,R,,1848
30,CC,product.SpeciesProp.managed.FDC,0,R,,1849
30,CC,product.SpeciesProp.managed.HW,0,R,,1850
30,CC,product.SpeciesProp.managed.PLC,0,R,,1851
30,CC,product.SpeciesProp.managed.SS,0,R,,1852
30,CC,product.SpeciesProp.managed.YC,0,R,,1853
30,CC,product.Treated.managed.CC,0,R,,439
30,CC,product.Treated.managed.CWHvm_HW_CW_M.CC,0,R,,439
30,CC,product.Yield.managed.BA,0,R,,1756
30,CC,product.Yield.managed.CW,0,R,,1757
30,CC,product.Yield.managed.DR,0,R,,1758
30,CC,product.Yield.managed.FDC,0,R,,1759
30,CC,product.Yield.managed.HW,0,R,,1760
30,CC,product.Yield.managed.PLC,0,R,,1761
30,CC,product.Yield.managed.SS,0,R,,1762
30,CC,product.Yield.managed.Total,0,R,,1763
30,CC,product.Yield.managed.YC,0,R,,1764
32,CC,product.HarvestedVolume.managed.BA.CC,0,R,,466
32,CC,product.HarvestedVolume.managed.CW.CC,0,R,,1878
32,CC,product.HarvestedVolume.managed.DR.CC,0,R,,1879
32,CC,product.HarvestedVolume.managed.FDC.CC,0,R,,1880
32,CC,product.HarvestedVolume.managed.HW.CC,0,R,,1881
32,CC,product.HarvestedVolume.managed.PL.CC,0,R,,1882
32,CC,product.HarvestedVolume.managed.SS.CC,0,R,,1882
32,CC,product.HarvestedVolume.managed.Total.CC,0,R,,1883
32,CC,product.QMDNumerator.managed.CWHvm_HW_FDC_H.CC,0,R,,1942
32,CC,product.Seral.area.immature.CWHvm_HW_FDC_H.CC,0,R,,221
32,CC,product.Seral.area.mature.CWHvm_HW_FDC_H.CC,0,R,,222
32,CC,product.Seral.area.overmature.CWHvm_HW_FDC_H.CC,0,R,,223
32,CC,product.Seral.area.regenerating.CWHvm_HW_FDC_H.CC,0,R,,155
32,CC,product.Seral.area.young.CWHvm_HW_FDC_H.CC,0,R,,155
32,CC,product.SpeciesProp.managed.BA,0,R,,1943
32,CC,product.SpeciesProp.managed.CW,0,R,,1944
32,CC,product.SpeciesProp.managed.DR,0,R,,1945
32,CC,product.SpeciesProp.managed.FDC,0,R,,1946
32,CC,product.SpeciesProp.managed.HW,0,R,,1947
32,CC,product.SpeciesProp.managed.PL,0,R,,1948
32,CC,product.SpeciesProp.managed.SS,0,R,,1948
32,CC,product.Treated.managed.CC,0,R,,230
32,CC,product.Treated.managed.CWHvm_HW_FDC_H.CC,0,R,,230
32,CC,product.Yield.managed.BA,0,R,,466
32,CC,product.Yield.managed.CW,0,R,,1878
32,CC,product.Yield.managed.DR,0,R,,1879
32,CC,product.Yield.managed.FDC,0,R,,1880
32,CC,product.Yield.managed.HW,0,R,,1881
32,CC,product.Yield.managed.PL,0,R,,1882
32,CC,product.Yield.managed.SS,0,R,,1882
32,CC,product.Yield.managed.Total,0,R,,1883
34,CC,product.HarvestedVolume.managed.CW.CC,0,R,,1972
34,CC,product.HarvestedVolume.managed.HW.CC,0,R,,1973
34,CC,product.HarvestedVolume.managed.PLC.CC,0,R,,1974
34,CC,product.HarvestedVolume.managed.Total.CC,0,R,,1975
34,CC,product.HarvestedVolume.managed.YC.CC,0,R,,1973
34,CC,product.QMDNumerator.managed.CWHvm_CW_YC_M.CC,0,R,,2028
34,CC,product.Seral.area.immature.CWHvm_CW_YC_M.CC,0,R,,2029
34,CC,product.Seral.area.mature.CWHvm_CW_YC_M.CC,0,R,,2030
34,CC,product.Seral.area.overmature.CWHvm_CW_YC_M.CC,0,R,,2031
34,CC,product.Seral.area.regenerating.CWHvm_CW_YC_M.CC,0,R,,1976
34,CC,product.Seral.area.young.CWHvm_CW_YC_M.CC,0,R,,1976
34,CC,product.SpeciesProp.managed.CW,0,R,,2032
34,CC,product.SpeciesProp.managed.HW,0,R,,2033
34,CC,product.SpeciesProp.managed.PLC,0,R,,2034
34,CC,product.SpeciesProp.managed.YC,0,R,,2033
34,CC,product.Treated.managed.CC,0,R,,2035
34,CC,product.Treated.managed.CWHvm_CW_YC_M.CC,0,R,,2035
34,CC,product.Yield.managed.CW,0,R,,1972
34,CC,product.Yield.managed.HW,0,R,,1973
34,CC,product.Yield.managed.PLC,0,R,,1974
34,CC,product.Yield.managed.Total,0,R,,1975
34,CC,product.Yield.managed.YC,0,R,,1973
35,CC,product.HarvestedVolume.managed.CW.CC,0,R,,2044
35,CC,product.HarvestedVolume.managed.HW.CC,0,R,,2045
35,CC,product.HarvestedVolume.managed.PLC.CC,0,R,,2046
35,CC,product.HarvestedVolume.managed.Total.CC,0,R,,1975
35,CC,product.HarvestedVolume.managed.YC.CC,0,R,,2047
35,CC,product.QMDNumerator.managed.CWHvm_CW_YC_M.CC,0,R,,2028
35,CC,product.Seral.area.immature.CWHvm_CW_YC_M.CC,0,R,,2029
35,CC,product.Seral.area.mature.CWHvm_CW_YC_M.CC,0,R,,2030
35,CC,product.Seral.area.overmature.CWHvm_CW_YC_M.CC,0,R,,2031
35,CC,product.Seral.area.regenerating.CWHvm_CW_YC_M.CC,0,R,,1976
35,CC,product.Seral.area.young.CWHvm_CW_YC_M.CC,0,R,,1976
35,CC,product.SpeciesProp.managed.CW,0,R,,2091
35,CC,product.SpeciesProp.managed.HW,0,R,,2092
35,CC,product.SpeciesProp.managed.PLC,0,R,,2093
35,CC,product.SpeciesProp.managed.YC,0,R,,2094
35,CC,product.Treated.managed.CC,0,R,,2035
35,CC,product.Treated.managed.CWHvm_CW_YC_M.CC,0,R,,2035
35,CC,product.Yield.managed.CW,0,R,,2044
35,CC,product.Yield.managed.HW,0,R,,2045
35,CC,product.Yield.managed.PLC,0,R,,2046
35,CC,product.Yield.managed.Total,0,R,,1975
35,CC,product.Yield.managed.YC,0,R,,2047
37,CC,product.HarvestedVolume.managed.BA.CC,0,R,,2112
37,CC,product.HarvestedVolume.managed.CW.CC,0,R,,2113
37,CC,product.HarvestedVolume.managed.HW.CC,0,R,,2114
37,CC,product.HarvestedVolume.managed.Total.CC,0,R,,2115
37,CC,product.QMDNumerator.managed.CWHvm_HW_BA_M.CC,0,R,,2152
37,CC,product.Seral.area.immature.CWHvm_HW_BA_M.CC,0,R,,1240
37,CC,product.Seral.area.mature.CWHvm_HW_BA_M.CC,0,R,,1241
37,CC,product.Seral.area.overmature.CWHvm_HW_BA_M.CC,0,R,,1242
37,CC,product.Seral.area.regenerating.CWHvm_HW_BA_M.CC,0,R,,1175
37,CC,product.Seral.area.young.CWHvm_HW_BA_M.CC,0,R,,1175
37,CC,product.SpeciesProp.managed.BA,0,R,,2153
37,CC,product.SpeciesProp.managed.CW,0,R,,2154
37,CC,product.SpeciesProp.managed.HW,0,R,,2155
37,CC,product.Treated.managed.CC,0,R,,1249
37,CC,product.Treated.managed.CWHvm_HW_BA_M.CC,0,R,,1249
37,CC,product.Yield.managed.BA,0,R,,2112
37,CC,product.Yield.managed.CW,0,R,,2113
37,CC,product.Yield.managed.HW,0,R,,2114
37,CC,product.Yield.managed.Total,0,R,,2115
38,CC,product.HarvestedVolume.managed.BA.CC,0,R,,2164
38,CC,product.HarvestedVolume.managed.CW.CC,0,R,,2165
38,CC,product.HarvestedVolume.managed.FDC.CC,0,R,,2166
38,CC,product.HarvestedVolume.managed.HW.CC,0,R,,2167
38,CC,product.HarvestedVolume.managed.Total.CC,0,R,,2115
38,CC,product.QMDNumerator.managed.CWHvm_HW_BA_M.CC,0,R,,2152
38,CC,product.Seral.area.immature.CWHvm_HW_BA_M.CC,0,R,,1240
38,CC,product.Seral.area.mature.CWHvm_HW_BA_M.CC,0,R,,1241
38,CC,product.Seral.area.overmature.CWHvm_HW_BA_M.CC,0,R,,1242
38,CC,product.Seral.area.regenerating.CWHvm_HW_BA_M.CC,0,R,,1175
38,CC,product.Seral.area.young.CWHvm_HW_BA_M.CC,0,R,,1175
38,CC,product.SpeciesProp.managed.BA,0,R,,2210
38,CC,product.SpeciesProp.managed.CW,0,R,,2211
38,CC,product.SpeciesProp.managed.FDC,0,R,,2212
38,CC,product.SpeciesProp.managed.HW,0,R,,2213
38,CC,product.Treated.managed.CC,0,R,,1249
38,CC,product.Treated.managed.CWHvm_HW_BA_M.CC,0,R,,1249
38,CC,product.Yield.managed.BA,0,R,,2164
38,CC,product.Yield.managed.CW,0,R,,2165
38,CC,product.Yield.managed.FDC,0,R,,2166
38,CC,product.Yield.managed.HW,0,R,,2167
38,CC,product.Yield.managed.Total,0,R,,2115
40,CC,product.HarvestedVolume.managed.BA.CC,0,R,,2234
40,CC,product.HarvestedVolume.managed.CW.CC,0,R,,2235
40,CC,product.HarvestedVolume.managed.DR.CC,0,R,,2236
40,CC,product.HarvestedVolume.managed.FDC.CC,0,R,,2237
40,CC,product.HarvestedVolume.managed.HW.CC,0,R,,2238
40,CC,product.HarvestedVolume.managed.PL.CC,0,R,,2239
40,CC,product.HarvestedVolume.managed.SS.CC,0,R,,2239
40,CC,product.HarvestedVolume.managed.Total.CC,0,R,,2240
40,CC,product.QMDNumerator.managed.CWHvm_FDC_HW_L.CC,0,R,,2304
40,CC,product.Seral.area.immature.CWHvm_FDC_HW_L.CC,0,R,,428
40,CC,product.Seral.area.mature.CWHvm_FDC_HW_L.CC,0,R,,934
40,CC,product.Seral.area.overmature.CWHvm_FDC_HW_L.CC,0,R,,935
40,CC,product.Seral.area.regenerating.CWHvm_FDC_HW_L.CC,0,R,,346
40,CC,product.Seral.area.young.CWHvm_FDC_HW_L.CC,0,R,,346
40,CC,product.SpeciesProp.managed.BA,0,R,,2305
40,CC,product.SpeciesProp.managed.CW,0,R,,2306
40,CC,product.SpeciesProp.managed.DR,0,R,,2307
40,CC,product.SpeciesProp.managed.FDC,0,R,,2308
40,CC,product.SpeciesProp.managed.HW,0,R,,2309
40,CC,product.SpeciesProp.managed.PL,0,R,,2310
40,CC,product.SpeciesProp.managed.SS,0,R,,2310
40,CC,product.Treated.managed.CC,0,R,,439
40,CC,product.Treated.managed.CWHvm_FDC_HW_L.CC,0,R,,439
40,CC,product.Yield.managed.BA,0,R,,2234
40,CC,product.Yield.managed.CW,0,R,,2235
40,CC,product.Yield.managed.DR,0,R,,2236
40,CC,product.Yield.managed.FDC,0,R,,2237
40,CC,product.Yield.managed.HW,0,R,,2238
40,CC,product.Yield.managed.PL,0,R,,2239
40,CC,product.Yield.managed.SS,0,R,,2239
40,CC,product.Yield.managed.Total,0,R,,2240
43,CC,product.HarvestedVolume.managed.Total.CC,0,R,,233
43,CC,product.QMDNumerator.managed.CWHvm_CW_PLC_M.CC,0,R,,233
43,CC,product.Seral.area.immature.CWHvm_CW_PLC_M.CC,0,R,,2324
43,CC,product.Seral.area.mature.CWHvm_CW_PLC_M.CC,0,R,,2325
43,CC,product.Seral.area.overmature.CWHvm_CW_PLC_M.CC,0,R,,2326
43,CC,product.Seral.area.regenerating.CWHvm_CW_PLC_M.CC,0,R,,30
43,CC,product.Seral.area.young.CWHvm_CW_PLC_M.CC,0,R,,31
43,CC,product.SpeciesProp.managed.CW,0,R,,2327
43,CC,product.SpeciesProp.managed.HW,0,R,,1341
43,CC,product.SpeciesProp.managed.PLC,0,R,,2328
43,CC,product.SpeciesProp.managed.YC,0,R,,1341
43,CC,product.Treated.managed.CC,0,R,,22
43,CC,product.Treated.managed.CWHvm_CW_PLC_M.CC,0,R,,22
43,CC,product.Yield.managed.Total,0,R,,233
44,CC,product.HarvestedVolume.managed.Total.CC,0,R,,233
44,CC,product.QMDNumerator.managed.CWHvm_CW_PLC_M.CC,0,R,,233
44,CC,product.Seral.area.immature.CWHvm_CW_PLC_M.CC,0,R,,2324
44,CC,product.Seral.area.mature.CWHvm_CW_PLC_M.CC,0,R,,2325
44,CC,product.Seral.area.overmature.CWHvm_CW_PLC_M.CC,0,R,,2326
44,CC,product.Seral.area.regenerating.CWHvm_CW_PLC_M.CC,0,R,,30
44,CC,product.Seral.area.young.CWHvm_CW_PLC_M.CC,0,R,,31
44,CC,product.SpeciesProp.managed.CW,0,R,,2334
44,CC,product.SpeciesProp.managed.HW,0,R,,2335
44,CC,product.SpeciesProp.managed.PLC,0,R,,2336
44,CC,product.SpeciesProp.managed.YC,0,R,,2335
44,CC,product.Treated.managed.CC,0,R,,22
44,CC,product.Treated.managed.CWHvm_CW_PLC_M.CC,0,R,,22
44,CC,product.Yield.managed.Total,0,R,,233
46,CC,product.HarvestedVolume.managed.BA.CC,0,R,,1269
46,CC,product.HarvestedVolume.managed.CW.CC,0,R,,2355
46,CC,product.HarvestedVolume.managed.DR.CC,0,R,,2356
46,CC,product.HarvestedVolume.managed.FDC.CC,0,R,,2357
46,CC,product.HarvestedVolume.managed.HW.CC,0,R,,2358
46,CC,product.HarvestedVolume.managed.PL.CC,0,R,,1274
46,CC,product.HarvestedVolume.managed.SS.CC,0,R,,1274
46,CC,product.HarvestedVolume.managed.Total.CC,0,R,,2359
46,CC,product.QMDNumerator.managed.CWHvm_FDC_HW_M.CC,0,R,,2414
46,CC,product.Seral.area.immature.CWHvm_FDC_HW_M.CC,0,R,,221
46,CC,product.Seral.area.mature.CWHvm_FDC_HW_M.CC,0,R,,222
46,CC,product.Seral.area.overmature.CWHvm_FDC_HW_M.CC,0,R,,223
46,CC,product.Seral.area.regenerating.CWHvm_FDC_HW_M.CC,0,R,,155
46,CC,product.Seral.area.young.CWHvm_FDC_HW_M.CC,0,R,,155
46,CC,product.SpeciesProp.managed.BA,0,R,,1943
46,CC,product.SpeciesProp.managed.CW,0,R,,1944
46,CC,product.SpeciesProp.managed.DR,0,R,,2415
46,CC,product.SpeciesProp.managed.FDC,0,R,,2416
46,CC,product.SpeciesProp.managed.HW,0,R,,2417
46,CC,product.SpeciesProp.managed.PL,0,R,,1948
46,CC,product.SpeciesProp.managed.SS,0,R,,1948
46,CC,product.Treated.managed.CC,0,R,,230
46,CC,product.Treated.managed.CWHvm_FDC_HW_M.CC,0,R,,230
46,CC,product.Yield.managed.BA,0,R,,1269
46,CC,product.Yield.managed.CW,0,R,,2355
46,CC,product.Yield.managed.DR,0,R,,2356
46,CC,product.Yield.managed.FDC,0,R,,2357
46,CC,product.Yield.managed.HW,0,R,,2358
46,CC,product.Yield.managed.PL,0,R,,1274
46,CC,product.Yield.managed.SS,0,R,,1274
46,CC,product.Yield.managed.Total,0,R,,2359
49,CC,product.HarvestedVolume.managed.BA.CC,0,R,,2451
49,CC,product.HarvestedVolume.managed.CW.CC,0,R,,2451
49,CC,product.HarvestedVolume.managed.DR.CC,0,R,,2452
49,CC,product.HarvestedVolume.managed.HW.CC,0,R,,2453
49,CC,product.HarvestedVolume.managed.SS.CC,0,R,,2454
49,CC,product.HarvestedVolume.managed.Total.CC,0,R,,2455
49,CC,product.QMDNumerator.managed.CWHvm_HW_SS_M.CC,0,R,,2498
49,CC,product.Seral.area.immature.CWHvm_HW_SS_M.CC,0,R,,1240
49,CC,product.Seral.area.mature.CWHvm_HW_SS_M.CC,0,R,,2499
49,CC,product.Seral.area.overmature.CWHvm_HW_SS_M.CC,0,R,,2500
49,CC,product.Seral.area.regenerating.CWHvm_HW_SS_M.CC,0,R,,1175
49,CC,product.Seral.area.young.CWHvm_HW_SS_M.CC,0,R,,1175
49,CC,product.SpeciesProp.managed.BA,0,R,,2501
49,CC,product.SpeciesProp.managed.CW,0,R,,2501
49,CC,product.SpeciesProp.managed.DR,0,R,,2502
49,CC,product.SpeciesProp.managed.HW,0,R,,2503
49,CC,product.SpeciesProp.managed.SS,0,R,,2504
49,CC,product.Treated.managed.CC,0,R,,1249
49,CC,product.Treated.managed.CWHvm_HW_SS_M.CC,0,R,,1249
49,CC,product.Yield.managed.BA,0,R,,2451
49,CC,product.Yield.managed.CW,0,R,,2451
49,CC,product.Yield.managed.DR,0,R,,2452
49,CC,product.Yield.managed.HW,0,R,,2453
49,CC,product.Yield.managed.SS,0,R,,2454
49,CC,product.Yield.managed.Total,0,R,,2455
50,CC,product.HarvestedVolume.managed.BA.CC,0,R,,2517
50,CC,product.HarvestedVolume.managed.CW.CC,0,R,,2518
50,CC,product.HarvestedVolume.managed.DR.CC,0,R,,2519
50,CC,product.HarvestedVolume.managed.FDC.CC,0,R,,2520
50,CC,product.HarvestedVolume.managed.HW.CC,0,R,,2521
50,CC,product.HarvestedVolume.managed.SS.CC,0,R,,2522
50,CC,product.HarvestedVolume.managed.Total.CC,0,R,,2455
50,CC,product.QMDNumerator.managed.CWHvm_HW_SS_M.CC,0,R,,2498
50,CC,product.Seral.area.immature.CWHvm_HW_SS_M.CC,0,R,,1240
50,CC,product.Seral.area.mature.CWHvm_HW_SS_M.CC,0,R,,2499
50,CC,product.Seral.area.overmature.CWHvm_HW_SS_M.CC,0,R,,2500
50,CC,product.Seral.area.regenerating.CWHvm_HW_SS_M.CC,0,R,,1175
50,CC,product.Seral.area.young.CWHvm_HW_SS_M.CC,0,R,,1175
50,CC,product.SpeciesProp.managed.BA,0,R,,2577
50,CC,product.SpeciesProp.managed.CW,0,R,,2578
50,CC,product.SpeciesProp.managed.DR,0,R,,2579
50,CC,product.SpeciesProp.managed.FDC,0,R,,2580
50,CC,product.SpeciesProp.managed.HW,0,R,,2581
50,CC,product.SpeciesProp.managed.SS,0,R,,2582
50,CC,product.Treated.managed.CC,0,R,,1249
50,CC,product.Treated.managed.CWHvm_HW_SS_M.CC,0,R,,1249
50,CC,product.Yield.managed.BA,0,R,,2517
50,CC,product.Yield.managed.CW,0,R,,2518
50,CC,product.Yield.managed.DR,0,R,,2519
50,CC,product.Yield.managed.FDC,0,R,,2520
50,CC,product.Yield.managed.HW,0,R,,2521
50,CC,product.Yield.managed.SS,0,R,,2522
50,CC,product.Yield.managed.Total,0,R,,2455
53,CC,product.HarvestedVolume.managed.BA.CC,0,R,,2611
53,CC,product.HarvestedVolume.managed.CW.CC,0,R,,2612
53,CC,product.HarvestedVolume.managed.DR.CC,0,R,,2613
53,CC,product.HarvestedVolume.managed.FDC.CC,0,R,,2614
53,CC,product.HarvestedVolume.managed.HW.CC,0,R,,2615
53,CC,product.HarvestedVolume.managed.PL.CC,0,R,,2616
53,CC,product.HarvestedVolume.managed.SS.CC,0,R,,2616
53,CC,product.HarvestedVolume.managed.Total.CC,0,R,,154
53,CC,product.QMDNumerator.managed.CWHvm_FDC_HW_H.CC,0,R,,2680
53,CC,product.Seral.area.immature.CWHvm_FDC_HW_H.CC,0,R,,221
53,CC,product.Seral.area.mature.CWHvm_FDC_HW_H.CC,0,R,,222
53,CC,product.Seral.area.overmature.CWHvm_FDC_HW_H.CC,0,R,,223
53,CC,product.Seral.area.regenerating.CWHvm_FDC_HW_H.CC,0,R,,155
53,CC,product.Seral.area.young.CWHvm_FDC_HW_H.CC,0,R,,155
53,CC,product.SpeciesProp.managed.BA,0,R,,1943
53,CC,product.SpeciesProp.managed.CW,0,R,,1944
53,CC,product.SpeciesProp.managed.DR,0,R,,2415
53,CC,product.SpeciesProp.managed.FDC,0,R,,2416
53,CC,product.SpeciesProp.managed.HW,0,R,,2417
53,CC,product.SpeciesProp.managed.PL,0,R,,2681
53,CC,product.SpeciesProp.managed.SS,0,R,,2681
53,CC,product.Treated.managed.CC,0,R,,230
53,CC,product.Treated.managed.CWHvm_FDC_HW_H.CC,0,R,,230
53,CC,product.Yield.managed.BA,0,R,,2611
53,CC,product.Yield.managed.CW,0,R,,2612
53,CC,product.Yield.managed.DR,0,R,,2613
53,CC,product.Yield.managed.FDC,0,R,,2614
53,CC,product.Yield.managed.HW,0,R,,2615
53,CC,product.Yield.managed.PL,0,R,,2616
53,CC,product.Yield.managed.SS,0,R,,2616
53,CC,product.Yield.managed.Total,0,R,,154
