TRACK,LABEL,METHOD,CURVE
1,feature.Area.og1.CWHvm_DR_HW_M,,0
1,feature.Area.og1.total,,0
1,feature.Area.og2.CWHvm_DR_HW_M,,1
1,feature.Area.og2.total,,1
1,feature.Area.unmanaged,,2
1,feature.Seral.CWHvm_DR_HW_M.immature,,3
1,feature.Seral.CWHvm_DR_HW_M.mature,,4
1,feature.Seral.CWHvm_DR_HW_M.overmature,,5
1,feature.Seral.CWHvm_DR_HW_M.regenerating,,6
1,feature.Seral.CWHvm_DR_HW_M.young,,7
1,feature.Seral.immature,,3
1,feature.Seral.mature,,4
1,feature.Seral.overmature,,5
1,feature.Seral.regenerating,,6
1,feature.Seral.young,,7
1,feature.SpeciesProp.unmanaged.CW,,8
1,feature.SpeciesProp.unmanaged.FDC,,9
1,feature.SpeciesProp.unmanaged.HW,,10
1,feature.Yield.unmanaged.CW,,11
1,feature.Yield.unmanaged.FDC,,12
1,feature.Yield.unmanaged.HW,,13
1,feature.Yield.unmanaged.Total,,14
2,feature.Area.managed,,15
2,feature.Area.og1.CWHvm_DR_HW_M,,16
2,feature.Area.og1.total,,16
2,feature.Area.og2.CWHvm_DR_HW_M,,17
2,feature.Area.og2.total,,17
2,feature.Seral.CWHvm_DR_HW_M.immature,,18
2,feature.Seral.CWHvm_DR_HW_M.mature,,19
2,feature.Seral.CWHvm_DR_HW_M.overmature,,20
2,feature.Seral.CWHvm_DR_HW_M.regenerating,,21
2,feature.Seral.CWHvm_DR_HW_M.young,,22
2,feature.Seral.immature,,18
2,feature.Seral.mature,,19
2,feature.Seral.overmature,,20
2,feature.Seral.regenerating,,21
2,feature.Seral.young,,22
2,feature.SpeciesProp.managed.CW,,23
2,feature.SpeciesProp.managed.FDC,,24
2,feature.SpeciesProp.managed.HW,,25
2,feature.Yield.managed.CW,,26
2,feature.Yield.managed.FDC,,27
2,feature.Yield.managed.HW,,28
2,feature.Yield.managed.Total,,29
3,feature.Area.og1.CWHvm_FDC_HW_H,,42
3,feature.Area.og1.total,,42
3,feature.Area.og2.CWHvm_FDC_HW_H,,17
3,feature.Area.og2.total,,17
3,feature.Area.unmanaged,,15
3,feature.Seral.CWHvm_FDC_HW_H.immature,,43
3,feature.Seral.CWHvm_FDC_HW_H.mature,,44
3,feature.Seral.CWHvm_FDC_HW_H.overmature,,45
3,feature.Seral.CWHvm_FDC_HW_H.regenerating,,21
3,feature.Seral.CWHvm_FDC_HW_H.young,,22
3,feature.Seral.immature,,43
3,feature.Seral.mature,,44
3,feature.Seral.overmature,,45
3,feature.Seral.regenerating,,21
3,feature.Seral.young,,22
3,feature.SpeciesProp.unmanaged.CW,,46
3,feature.SpeciesProp.unmanaged.FDC,,47
3,feature.SpeciesProp.unmanaged.HW,,48
3,feature.Yield.unmanaged.CW,,49
3,feature.Yield.unmanaged.FDC,,50
3,feature.Yield.unmanaged.HW,,51
3,feature.Yield.unmanaged.Total,,52
4,feature.Area.managed,,15
4,feature.Area.og1.CWHvm_FDC_HW_H,,42
4,feature.Area.og1.total,,42
4,feature.Area.og2.CWHvm_FDC_HW_H,,17
4,feature.Area.og2.total,,17
4,feature.Seral.CWHvm_FDC_HW_H.immature,,43
4,feature.Seral.CWHvm_FDC_HW_H.mature,,44
4,feature.Seral.CWHvm_FDC_HW_H.overmature,,45
4,feature.Seral.CWHvm_FDC_HW_H.regenerating,,21
4,feature.Seral.CWHvm_FDC_HW_H.young,,22
4,feature.Seral.immature,,43
4,feature.Seral.mature,,44
4,feature.Seral.overmature,,45
4,feature.Seral.regenerating,,21
4,feature.Seral.young,,22
4,feature.SpeciesProp.managed.CW,,46
4,feature.SpeciesProp.managed.FDC,,47
4,feature.SpeciesProp.managed.HW,,48
4,feature.Yield.managed.CW,,53
4,feature.Yield.managed.FDC,,54
4,feature.Yield.managed.HW,,55
4,feature.Yield.managed.Total,,56
5,feature.Area.og1.CWHvm_HW_CW_M,,69
5,feature.Area.og1.total,,69
5,feature.Area.og2.CWHvm_HW_CW_M,,17
5,feature.Area.og2.total,,17
5,feature.Area.unmanaged,,15
5,feature.Seral.CWHvm_HW_CW_M.immature,,70
5,feature.Seral.CWHvm_HW_CW_M.mature,,71
5,feature.Seral.CWHvm_HW_CW_M.overmature,,72
5,feature.Seral.CWHvm_HW_CW_M.regenerating,,21
5,feature.Seral.CWHvm_HW_CW_M.young,,22
5,feature.Seral.immature,,70
5,feature.Seral.mature,,71
5,feature.Seral.overmature,,72
5,feature.Seral.regenerating,,21
5,feature.Seral.young,,22
5,feature.SpeciesProp.unmanaged.CW,,10
5,feature.SpeciesProp.unmanaged.FDC,,8
5,feature.SpeciesProp.unmanaged.HW,,73
5,feature.Yield.unmanaged.CW,,74
5,feature.Yield.unmanaged.FDC,,75
5,feature.Yield.unmanaged.HW,,76
5,feature.Yield.unmanaged.Total,,77
6,feature.Area.managed,,15
6,feature.Area.og1.CWHvm_HW_CW_M,,69
6,feature.Area.og1.total,,69
6,feature.Area.og2.CWHvm_HW_CW_M,,17
6,feature.Area.og2.total,,17
6,feature.Seral.CWHvm_HW_CW_M.immature,,70
6,feature.Seral.CWHvm_HW_CW_M.mature,,71
6,feature.Seral.CWHvm_HW_CW_M.overmature,,72
6,feature.Seral.CWHvm_HW_CW_M.regenerating,,21
6,feature.Seral.CWHvm_HW_CW_M.young,,22
6,feature.Seral.immature,,70
6,feature.Seral.mature,,71
6,feature.Seral.overmature,,72
6,feature.Seral.regenerating,,21
6,feature.Seral.young,,22
6,feature.SpeciesProp.managed.CW,,10
6,feature.SpeciesProp.managed.FDC,,8
6,feature.SpeciesProp.managed.HW,,73
6,feature.Yield.managed.CW,,78
6,feature.Yield.managed.FDC,,79
6,feature.Yield.managed.HW,,80
6,feature.Yield.managed.Total,,81
7,feature.Area.og1.CWHvm_HW_FDC_H,,94
7,feature.Area.og1.total,,94
7,feature.Area.og2.CWHvm_HW_FDC_H,,17
7,feature.Area.og2.total,,17
7,feature.Area.unmanaged,,15
7,feature.Seral.CWHvm_HW_FDC_H.immature,,43
7,feature.Seral.CWHvm_HW_FDC_H.mature,,44
7,feature.Seral.CWHvm_HW_FDC_H.overmature,,45
7,feature.Seral.CWHvm_HW_FDC_H.regenerating,,21
7,feature.Seral.CWHvm_HW_FDC_H.young,,22
7,feature.Seral.immature,,43
7,feature.Seral.mature,,44
7,feature.Seral.overmature,,45
7,feature.Seral.regenerating,,21
7,feature.Seral.young,,22
7,feature.SpeciesProp.unmanaged.CW,,10
7,feature.SpeciesProp.unmanaged.FDC,,8
7,feature.SpeciesProp.unmanaged.HW,,24
7,feature.Yield.unmanaged.CW,,95
7,feature.Yield.unmanaged.FDC,,96
7,feature.Yield.unmanaged.HW,,97
7,feature.Yield.unmanaged.Total,,98
8,feature.Area.managed,,15
8,feature.Area.og1.CWHvm_HW_FDC_H,,94
8,feature.Area.og1.total,,94
8,feature.Area.og2.CWHvm_HW_FDC_H,,17
8,feature.Area.og2.total,,17
8,feature.Seral.CWHvm_HW_FDC_H.immature,,43
8,feature.Seral.CWHvm_HW_FDC_H.mature,,44
8,feature.Seral.CWHvm_HW_FDC_H.overmature,,45
8,feature.Seral.CWHvm_HW_FDC_H.regenerating,,21
8,feature.Seral.CWHvm_HW_FDC_H.young,,22
8,feature.Seral.immature,,43
8,feature.Seral.mature,,44
8,feature.Seral.overmature,,45
8,feature.Seral.regenerating,,21
8,feature.Seral.young,,22
8,feature.SpeciesProp.managed.CW,,10
8,feature.SpeciesProp.managed.FDC,,8
8,feature.SpeciesProp.managed.HW,,24
8,feature.Yield.managed.CW,,99
8,feature.Yield.managed.FDC,,100
8,feature.Yield.managed.HW,,101
8,feature.Yield.managed.Total,,102
9,feature.Area.og1.CWHvm_HW_CW_L,,110
9,feature.Area.og1.total,,110
9,feature.Area.og2.CWHvm_HW_CW_L,,1
9,feature.Area.og2.total,,1
9,feature.Area.unmanaged,,2
9,feature.Seral.CWHvm_HW_CW_L.immature,,3
9,feature.Seral.CWHvm_HW_CW_L.mature,,111
9,feature.Seral.CWHvm_HW_CW_L.overmature,,112
9,feature.Seral.CWHvm_HW_CW_L.regenerating,,6
9,feature.Seral.CWHvm_HW_CW_L.young,,7
9,feature.Seral.immature,,3
9,feature.Seral.mature,,111
9,feature.Seral.overmature,,112
9,feature.Seral.regenerating,,6
9,feature.Seral.young,,7
9,feature.SpeciesProp.unmanaged.CW,,113
9,feature.SpeciesProp.unmanaged.HW,,114
9,feature.Yield.unmanaged.CW,,115
9,feature.Yield.unmanaged.HW,,116
9,feature.Yield.unmanaged.Total,,117
10,feature.Area.managed,,15
10,feature.Area.og1.CWHvm_HW_CW_L,,118
10,feature.Area.og1.total,,118
10,feature.Area.og2.CWHvm_HW_CW_L,,17
10,feature.Area.og2.total,,17
10,feature.Seral.CWHvm_HW_CW_L.immature,,18
10,feature.Seral.CWHvm_HW_CW_L.mature,,119
10,feature.Seral.CWHvm_HW_CW_L.overmature,,72
10,feature.Seral.CWHvm_HW_CW_L.regenerating,,21
10,feature.Seral.CWHvm_HW_CW_L.young,,22
10,feature.Seral.immature,,18
10,feature.Seral.mature,,119
10,feature.Seral.overmature,,72
10,feature.Seral.regenerating,,21
10,feature.Seral.young,,22
10,feature.SpeciesProp.managed.CW,,113
10,feature.SpeciesProp.managed.HW,,120
10,feature.Yield.managed.CW,,121
10,feature.Yield.managed.HW,,122
10,feature.Yield.managed.Total,,123
11,feature.Area.managed,,15
11,feature.Area.og1.CWHvm_HW_CW_L,,118
11,feature.Area.og1.total,,118
11,feature.Area.og2.CWHvm_HW_CW_L,,17
11,feature.Area.og2.total,,17
11,feature.Seral.CWHvm_HW_CW_L.immature,,18
11,feature.Seral.CWHvm_HW_CW_L.mature,,119
11,feature.Seral.CWHvm_HW_CW_L.overmature,,72
11,feature.Seral.CWHvm_HW_CW_L.regenerating,,21
11,feature.Seral.CWHvm_HW_CW_L.young,,22
11,feature.Seral.immature,,18
11,feature.Seral.mature,,119
11,feature.Seral.overmature,,72
11,feature.Seral.regenerating,,21
11,feature.Seral.young,,22
11,feature.SpeciesProp.managed.CW,,10
11,feature.SpeciesProp.managed.FDC,,8
11,feature.SpeciesProp.managed.HW,,24
11,feature.Yield.managed.CW,,131
11,feature.Yield.managed.FDC,,132
11,feature.Yield.managed.HW,,133
11,feature.Yield.managed.Total,,123
12,feature.Area.og1.CWHvm_FDC_HW_L,,118
12,feature.Area.og1.total,,118
12,feature.Area.og2.CWHvm_FDC_HW_L,,17
12,feature.Area.og2.total,,17
12,feature.Area.unmanaged,,15
12,feature.Seral.CWHvm_FDC_HW_L.immature,,70
12,feature.Seral.CWHvm_FDC_HW_L.mature,,139
12,feature.Seral.CWHvm_FDC_HW_L.overmature,,140
12,feature.Seral.CWHvm_FDC_HW_L.regenerating,,21
12,feature.Seral.CWHvm_FDC_HW_L.young,,22
12,feature.Seral.immature,,70
12,feature.Seral.mature,,139
12,feature.Seral.overmature,,140
12,feature.Seral.regenerating,,21
12,feature.Seral.young,,22
12,feature.SpeciesProp.unmanaged.CW,,141
12,feature.SpeciesProp.unmanaged.FDC,,142
12,feature.SpeciesProp.unmanaged.HW,,48
12,feature.Yield.unmanaged.CW,,143
12,feature.Yield.unmanaged.FDC,,144
12,feature.Yield.unmanaged.HW,,145
12,feature.Yield.unmanaged.Total,,146
13,feature.Area.managed,,15
13,feature.Area.og1.CWHvm_FDC_HW_L,,118
13,feature.Area.og1.total,,118
13,feature.Area.og2.CWHvm_FDC_HW_L,,17
13,feature.Area.og2.total,,17
13,feature.Seral.CWHvm_FDC_HW_L.immature,,70
13,feature.Seral.CWHvm_FDC_HW_L.mature,,139
13,feature.Seral.CWHvm_FDC_HW_L.overmature,,140
13,feature.Seral.CWHvm_FDC_HW_L.regenerating,,21
13,feature.Seral.CWHvm_FDC_HW_L.young,,22
13,feature.Seral.immature,,70
13,feature.Seral.mature,,139
13,feature.Seral.overmature,,140
13,feature.Seral.regenerating,,21
13,feature.Seral.young,,22
13,feature.SpeciesProp.managed.CW,,46
13,feature.SpeciesProp.managed.FDC,,47
13,feature.SpeciesProp.managed.HW,,48
13,feature.Yield.managed.CW,,147
13,feature.Yield.managed.FDC,,148
13,feature.Yield.managed.HW,,149
13,feature.Yield.managed.Total,,150
14,feature.Area.og1.CWHvm_CW_HW_M,,160
14,feature.Area.og1.total,,160
14,feature.Area.og2.CWHvm_CW_HW_M,,17
14,feature.Area.og2.total,,17
14,feature.Area.unmanaged,,15
14,feature.Seral.CWHvm_CW_HW_M.immature,,18
14,feature.Seral.CWHvm_CW_HW_M.mature,,119
14,feature.Seral.CWHvm_CW_HW_M.overmature,,72
14,feature.Seral.CWHvm_CW_HW_M.regenerating,,21
14,feature.Seral.CWHvm_CW_HW_M.young,,22
14,feature.Seral.immature,,18
14,feature.Seral.mature,,119
14,feature.Seral.overmature,,72
14,feature.Seral.regenerating,,21
14,feature.Seral.young,,22
14,feature.SpeciesProp.unmanaged.CW,,161
14,feature.SpeciesProp.unmanaged.HW,,162
14,feature.Yield.unmanaged.CW,,163
14,feature.Yield.unmanaged.HW,,164
14,feature.Yield.unmanaged.Total,,165
15,feature.Area.managed,,15
15,feature.Area.og1.CWHvm_CW_HW_M,,160
15,feature.Area.og1.total,,160
15,feature.Area.og2.CWHvm_CW_HW_M,,17
15,feature.Area.og2.total,,17
15,feature.Seral.CWHvm_CW_HW_M.immature,,18
15,feature.Seral.CWHvm_CW_HW_M.mature,,119
15,feature.Seral.CWHvm_CW_HW_M.overmature,,72
15,feature.Seral.CWHvm_CW_HW_M.regenerating,,21
15,feature.Seral.CWHvm_CW_HW_M.young,,22
15,feature.Seral.immature,,18
15,feature.Seral.mature,,119
15,feature.Seral.overmature,,72
15,feature.Seral.regenerating,,21
15,feature.Seral.young,,22
15,feature.SpeciesProp.managed.CW,,161
15,feature.SpeciesProp.managed.HW,,162
15,feature.Yield.managed.CW,,166
15,feature.Yield.managed.HW,,167
15,feature.Yield.managed.Total,,168
16,feature.Area.managed,,15
16,feature.Area.og1.CWHvm_CW_HW_M,,160
16,feature.Area.og1.total,,160
16,feature.Area.og2.CWHvm_CW_HW_M,,17
16,feature.Area.og2.total,,17
16,feature.Seral.CWHvm_CW_HW_M.immature,,18
16,feature.Seral.CWHvm_CW_HW_M.mature,,119
16,feature.Seral.CWHvm_CW_HW_M.overmature,,72
16,feature.Seral.CWHvm_CW_HW_M.regenerating,,21
16,feature.Seral.CWHvm_CW_HW_M.young,,22
16,feature.Seral.immature,,18
16,feature.Seral.mature,,119
16,feature.Seral.overmature,,72
16,feature.Seral.regenerating,,21
16,feature.Seral.young,,22
16,feature.SpeciesProp.managed.CW,,174
16,feature.SpeciesProp.managed.FDC,,175
16,feature.SpeciesProp.managed.HW,,9
16,feature.Yield.managed.CW,,176
16,feature.Yield.managed.FDC,,177
16,feature.Yield.managed.HW,,178
16,feature.Yield.managed.Total,,168
17,feature.Area.og1.CWHvm_HW_FDC_L,,94
17,feature.Area.og1.total,,94
17,feature.Area.og2.CWHvm_HW_FDC_L,,17
17,feature.Area.og2.total,,17
17,feature.Area.unmanaged,,15
17,feature.Seral.CWHvm_HW_FDC_L.immature,,185
17,feature.Seral.CWHvm_HW_FDC_L.mature,,186
17,feature.Seral.CWHvm_HW_FDC_L.overmature,,20
17,feature.Seral.CWHvm_HW_FDC_L.regenerating,,21
17,feature.Seral.CWHvm_HW_FDC_L.young,,22
17,feature.Seral.immature,,185
17,feature.Seral.mature,,186
17,feature.Seral.overmature,,20
17,feature.Seral.regenerating,,21
17,feature.Seral.young,,22
17,feature.SpeciesProp.unmanaged.CW,,10
17,feature.SpeciesProp.unmanaged.FDC,,8
17,feature.SpeciesProp.unmanaged.HW,,24
17,feature.Yield.unmanaged.CW,,187
17,feature.Yield.unmanaged.FDC,,188
17,feature.Yield.unmanaged.HW,,189
17,feature.Yield.unmanaged.Total,,190
18,feature.Area.managed,,15
18,feature.Area.og1.CWHvm_HW_FDC_L,,94
18,feature.Area.og1.total,,94
18,feature.Area.og2.CWHvm_HW_FDC_L,,17
18,feature.Area.og2.total,,17
18,feature.Seral.CWHvm_HW_FDC_L.immature,,185
18,feature.Seral.CWHvm_HW_FDC_L.mature,,186
18,feature.Seral.CWHvm_HW_FDC_L.overmature,,20
18,feature.Seral.CWHvm_HW_FDC_L.regenerating,,21
18,feature.Seral.CWHvm_HW_FDC_L.young,,22
18,feature.Seral.immature,,185
18,feature.Seral.mature,,186
18,feature.Seral.overmature,,20
18,feature.Seral.regenerating,,21
18,feature.Seral.young,,22
18,feature.SpeciesProp.managed.CW,,10
18,feature.SpeciesProp.managed.FDC,,8
18,feature.SpeciesProp.managed.HW,,24
18,feature.Yield.managed.CW,,191
18,feature.Yield.managed.FDC,,192
18,feature.Yield.managed.HW,,193
18,feature.Yield.managed.Total,,194
19,feature.Area.og1.CWHvm_FDC_HW_M,,94
19,feature.Area.og1.total,,94
19,feature.Area.og2.CWHvm_FDC_HW_M,,17
19,feature.Area.og2.total,,17
19,feature.Area.unmanaged,,15
19,feature.Seral.CWHvm_FDC_HW_M.immature,,43
19,feature.Seral.CWHvm_FDC_HW_M.mature,,44
19,feature.Seral.CWHvm_FDC_HW_M.overmature,,45
19,feature.Seral.CWHvm_FDC_HW_M.regenerating,,21
19,feature.Seral.CWHvm_FDC_HW_M.young,,22
19,feature.Seral.immature,,43
19,feature.Seral.mature,,44
19,feature.Seral.overmature,,45
19,feature.Seral.regenerating,,21
19,feature.Seral.young,,22
19,feature.SpeciesProp.unmanaged.CW,,46
19,feature.SpeciesProp.unmanaged.FDC,,47
19,feature.SpeciesProp.unmanaged.HW,,48
19,feature.Yield.unmanaged.CW,,207
19,feature.Yield.unmanaged.FDC,,208
19,feature.Yield.unmanaged.HW,,209
19,feature.Yield.unmanaged.Total,,210
20,feature.Area.managed,,15
20,feature.Area.og1.CWHvm_FDC_HW_M,,94
20,feature.Area.og1.total,,94
20,feature.Area.og2.CWHvm_FDC_HW_M,,17
20,feature.Area.og2.total,,17
20,feature.Seral.CWHvm_FDC_HW_M.immature,,43
20,feature.Seral.CWHvm_FDC_HW_M.mature,,44
20,feature.Seral.CWHvm_FDC_HW_M.overmature,,45
20,feature.Seral.CWHvm_FDC_HW_M.regenerating,,21
20,feature.Seral.CWHvm_FDC_HW_M.young,,22
20,feature.Seral.immature,,43
20,feature.Seral.mature,,44
20,feature.Seral.overmature,,45
20,feature.Seral.regenerating,,21
20,feature.Seral.young,,22
20,feature.SpeciesProp.managed.CW,,46
20,feature.SpeciesProp.managed.FDC,,47
20,feature.SpeciesProp.managed.HW,,48
20,feature.Yield.managed.CW,,211
20,feature.Yield.managed.FDC,,212
20,feature.Yield.managed.HW,,213
20,feature.Yield.managed.Total,,214
21,feature.Area.og1.CWHvm_HW_CW_H,,219
21,feature.Area.og1.total,,219
21,feature.Area.og2.CWHvm_HW_CW_H,,1
21,feature.Area.og2.total,,1
21,feature.Area.unmanaged,,2
21,feature.Seral.CWHvm_HW_CW_H.immature,,220
21,feature.Seral.CWHvm_HW_CW_H.mature,,221
21,feature.Seral.CWHvm_HW_CW_H.overmature,,222
21,feature.Seral.CWHvm_HW_CW_H.regenerating,,6
21,feature.Seral.CWHvm_HW_CW_H.young,,7
21,feature.Seral.immature,,220
21,feature.Seral.mature,,221
21,feature.Seral.overmature,,222
21,feature.Seral.regenerating,,6
21,feature.Seral.young,,7
21,feature.SpeciesProp.unmanaged.CW,,223
21,feature.SpeciesProp.unmanaged.HW,,224
21,feature.Yield.unmanaged.CW,,225
21,feature.Yield.unmanaged.HW,,226
21,feature.Yield.unmanaged.Total,,227
22,feature.Area.managed,,15
22,feature.Area.og1.CWHvm_HW_CW_H,,228
22,feature.Area.og1.total,,228
22,feature.Area.og2.CWHvm_HW_CW_H,,17
22,feature.Area.og2.total,,17
22,feature.Seral.CWHvm_HW_CW_H.immature,,185
22,feature.Seral.CWHvm_HW_CW_H.mature,,229
22,feature.Seral.CWHvm_HW_CW_H.overmature,,230
22,feature.Seral.CWHvm_HW_CW_H.regenerating,,21
22,feature.Seral.CWHvm_HW_CW_H.young,,22
22,feature.Seral.immature,,185
22,feature.Seral.mature,,229
22,feature.Seral.overmature,,230
22,feature.Seral.regenerating,,21
22,feature.Seral.young,,22
22,feature.SpeciesProp.managed.CW,,223
22,feature.SpeciesProp.managed.HW,,224
22,feature.Yield.managed.CW,,231
22,feature.Yield.managed.HW,,232
22,feature.Yield.managed.Total,,233
23,feature.Area.managed,,15
23,feature.Area.og1.CWHvm_HW_CW_H,,228
23,feature.Area.og1.total,,228
23,feature.Area.og2.CWHvm_HW_CW_H,,17
23,feature.Area.og2.total,,17
23,feature.Seral.CWHvm_HW_CW_H.immature,,185
23,feature.Seral.CWHvm_HW_CW_H.mature,,229
23,feature.Seral.CWHvm_HW_CW_H.overmature,,230
23,feature.Seral.CWHvm_HW_CW_H.regenerating,,21
23,feature.Seral.CWHvm_HW_CW_H.young,,22
23,feature.Seral.immature,,185
23,feature.Seral.mature,,229
23,feature.Seral.overmature,,230
23,feature.Seral.regenerating,,21
23,feature.Seral.young,,22
23,feature.SpeciesProp.managed.CW,,10
23,feature.SpeciesProp.managed.FDC,,8
23,feature.SpeciesProp.managed.HW,,24
23,feature.Yield.managed.CW,,241
23,feature.Yield.managed.FDC,,242
23,feature.Yield.managed.HW,,243
23,feature.Yield.managed.Total,,233
24,feature.Area.og1.CWHvm_HW_FDC_L,,94
24,feature.Area.og1.total,,94
24,feature.Area.og2.CWHvm_HW_FDC_L,,17
24,feature.Area.og2.total,,17
24,feature.Area.unmanaged,,15
24,feature.Seral.CWHvm_HW_FDC_L.immature,,185
24,feature.Seral.CWHvm_HW_FDC_L.mature,,186
24,feature.Seral.CWHvm_HW_FDC_L.overmature,,20
24,feature.Seral.CWHvm_HW_FDC_L.regenerating,,21
24,feature.Seral.CWHvm_HW_FDC_L.young,,22
24,feature.Seral.immature,,185
24,feature.Seral.mature,,186
24,feature.Seral.overmature,,20
24,feature.Seral.regenerating,,21
24,feature.Seral.young,,22
24,feature.SpeciesProp.unmanaged.FDC,,247
24,feature.SpeciesProp.unmanaged.HW,,248
24,feature.Yield.unmanaged.FDC,,249
24,feature.Yield.unmanaged.HW,,250
24,feature.Yield.unmanaged.Total,,251
25,feature.Area.managed,,2
25,feature.Area.og1.CWHvm_HW_FDC_L,,252
25,feature.Area.og1.total,,252
25,feature.Area.og2.CWHvm_HW_FDC_L,,1
25,feature.Area.og2.total,,1
25,feature.Seral.CWHvm_HW_FDC_L.immature,,220
25,feature.Seral.CWHvm_HW_FDC_L.mature,,253
25,feature.Seral.CWHvm_HW_FDC_L.overmature,,5
25,feature.Seral.CWHvm_HW_FDC_L.regenerating,,6
25,feature.Seral.CWHvm_HW_FDC_L.young,,7
25,feature.Seral.immature,,220
25,feature.Seral.mature,,253
25,feature.Seral.overmature,,5
25,feature.Seral.regenerating,,6
25,feature.Seral.young,,7
25,feature.SpeciesProp.managed.FDC,,247
25,feature.SpeciesProp.managed.HW,,248
25,feature.Yield.managed.FDC,,254
25,feature.Yield.managed.HW,,255
25,feature.Yield.managed.Total,,256
26,feature.Area.og1.CWHvm_HW_CW_M,,69
26,feature.Area.og1.total,,69
26,feature.Area.og2.CWHvm_HW_CW_M,,17
26,feature.Area.og2.total,,17
26,feature.Area.unmanaged,,15
26,feature.Seral.CWHvm_HW_CW_M.immature,,70
26,feature.Seral.CWHvm_HW_CW_M.mature,,71
26,feature.Seral.CWHvm_HW_CW_M.overmature,,72
26,feature.Seral.CWHvm_HW_CW_M.regenerating,,21
26,feature.Seral.CWHvm_HW_CW_M.young,,22
26,feature.Seral.immature,,70
26,feature.Seral.mature,,71
26,feature.Seral.overmature,,72
26,feature.Seral.regenerating,,21
26,feature.Seral.young,,22
26,feature.SpeciesProp.unmanaged.CW,,266
26,feature.SpeciesProp.unmanaged.HW,,267
26,feature.Yield.unmanaged.CW,,268
26,feature.Yield.unmanaged.HW,,269
26,feature.Yield.unmanaged.Total,,270
27,feature.Area.managed,,15
27,feature.Area.og1.CWHvm_HW_CW_M,,69
27,feature.Area.og1.total,,69
27,feature.Area.og2.CWHvm_HW_CW_M,,17
27,feature.Area.og2.total,,17
27,feature.Seral.CWHvm_HW_CW_M.immature,,70
27,feature.Seral.CWHvm_HW_CW_M.mature,,71
27,feature.Seral.CWHvm_HW_CW_M.overmature,,72
27,feature.Seral.CWHvm_HW_CW_M.regenerating,,21
27,feature.Seral.CWHvm_HW_CW_M.young,,22
27,feature.Seral.immature,,70
27,feature.Seral.mature,,71
27,feature.Seral.overmature,,72
27,feature.Seral.regenerating,,21
27,feature.Seral.young,,22
27,feature.SpeciesProp.managed.CW,,266
27,feature.SpeciesProp.managed.HW,,267
27,feature.Yield.managed.CW,,271
27,feature.Yield.managed.HW,,272
27,feature.Yield.managed.Total,,273
28,feature.Area.og1.CWHvm_HW_FDC_H,,94
28,feature.Area.og1.total,,94
28,feature.Area.og2.CWHvm_HW_FDC_H,,17
28,feature.Area.og2.total,,17
28,feature.Area.unmanaged,,15
28,feature.Seral.CWHvm_HW_FDC_H.immature,,43
28,feature.Seral.CWHvm_HW_FDC_H.mature,,44
28,feature.Seral.CWHvm_HW_FDC_H.overmature,,45
28,feature.Seral.CWHvm_HW_FDC_H.regenerating,,21
28,feature.Seral.CWHvm_HW_FDC_H.young,,22
28,feature.Seral.immature,,43
28,feature.Seral.mature,,44
28,feature.Seral.overmature,,45
28,feature.Seral.regenerating,,21
28,feature.Seral.young,,22
28,feature.SpeciesProp.unmanaged.FDC,,10
28,feature.SpeciesProp.unmanaged.HW,,279
28,feature.Yield.unmanaged.FDC,,280
28,feature.Yield.unmanaged.HW,,281
28,feature.Yield.unmanaged.Total,,282
29,feature.Area.managed,,15
29,feature.Area.og1.CWHvm_HW_FDC_H,,94
29,feature.Area.og1.total,,94
29,feature.Area.og2.CWHvm_HW_FDC_H,,17
29,feature.Area.og2.total,,17
29,feature.Seral.CWHvm_HW_FDC_H.immature,,43
29,feature.Seral.CWHvm_HW_FDC_H.mature,,44
29,feature.Seral.CWHvm_HW_FDC_H.overmature,,45
29,feature.Seral.CWHvm_HW_FDC_H.regenerating,,21
29,feature.Seral.CWHvm_HW_FDC_H.young,,22
29,feature.Seral.immature,,43
29,feature.Seral.mature,,44
29,feature.Seral.overmature,,45
29,feature.Seral.regenerating,,21
29,feature.Seral.young,,22
29,feature.SpeciesProp.managed.FDC,,10
29,feature.SpeciesProp.managed.HW,,279
29,feature.Yield.managed.FDC,,283
29,feature.Yield.managed.HW,,284
29,feature.Yield.managed.Total,,285
30,feature.Area.og1.CWHvm_CW_YC_M,,290
30,feature.Area.og1.total,,290
30,feature.Area.og2.CWHvm_CW_YC_M,,1
30,feature.Area.og2.total,,1
30,feature.Area.unmanaged,,2
30,feature.Seral.CWHvm_CW_YC_M.immature,,291
30,feature.Seral.CWHvm_CW_YC_M.mature,,292
30,feature.Seral.CWHvm_CW_YC_M.overmature,,293
30,feature.Seral.CWHvm_CW_YC_M.regenerating,,6
30,feature.Seral.CWHvm_CW_YC_M.young,,7
30,feature.Seral.immature,,291
30,feature.Seral.mature,,292
30,feature.Seral.overmature,,293
30,feature.Seral.regenerating,,6
30,feature.Seral.young,,7
30,feature.SpeciesProp.unmanaged.CW,,294
30,feature.SpeciesProp.unmanaged.HW,,295
30,feature.SpeciesProp.unmanaged.YC,,296
30,feature.Yield.unmanaged.CW,,297
30,feature.Yield.unmanaged.HW,,298
30,feature.Yield.unmanaged.Total,,299
30,feature.Yield.unmanaged.YC,,300
31,feature.Area.managed,,15
31,feature.Area.og1.CWHvm_CW_YC_M,,301
31,feature.Area.og1.total,,301
31,feature.Area.og2.CWHvm_CW_YC_M,,17
31,feature.Area.og2.total,,17
31,feature.Seral.CWHvm_CW_YC_M.immature,,302
31,feature.Seral.CWHvm_CW_YC_M.mature,,303
31,feature.Seral.CWHvm_CW_YC_M.overmature,,304
31,feature.Seral.CWHvm_CW_YC_M.regenerating,,21
31,feature.Seral.CWHvm_CW_YC_M.young,,22
31,feature.Seral.immature,,302
31,feature.Seral.mature,,303
31,feature.Seral.overmature,,304
31,feature.Seral.regenerating,,21
31,feature.Seral.young,,22
31,feature.SpeciesProp.managed.CW,,294
31,feature.SpeciesProp.managed.HW,,305
31,feature.SpeciesProp.managed.YC,,306
31,feature.Yield.managed.CW,,307
31,feature.Yield.managed.HW,,308
31,feature.Yield.managed.Total,,309
31,feature.Yield.managed.YC,,310
32,feature.Area.managed,,15
32,feature.Area.og1.CWHvm_CW_YC_M,,301
32,feature.Area.og1.total,,301
32,feature.Area.og2.CWHvm_CW_YC_M,,17
32,feature.Area.og2.total,,17
32,feature.Seral.CWHvm_CW_YC_M.immature,,302
32,feature.Seral.CWHvm_CW_YC_M.mature,,303
32,feature.Seral.CWHvm_CW_YC_M.overmature,,304
32,feature.Seral.CWHvm_CW_YC_M.regenerating,,21
32,feature.Seral.CWHvm_CW_YC_M.young,,22
32,feature.Seral.immature,,302
32,feature.Seral.mature,,303
32,feature.Seral.overmature,,304
32,feature.Seral.regenerating,,21
32,feature.Seral.young,,22
32,feature.SpeciesProp.managed.CW,,47
32,feature.SpeciesProp.managed.HW,,48
32,feature.SpeciesProp.managed.YC,,46
32,feature.Yield.managed.CW,,323
32,feature.Yield.managed.HW,,324
32,feature.Yield.managed.Total,,309
32,feature.Yield.managed.YC,,325
33,feature.Area.og1.CWHvm_HW_BA_M,,332
33,feature.Area.og1.total,,332
33,feature.Area.og2.CWHvm_HW_BA_M,,17
33,feature.Area.og2.total,,17
33,feature.Area.unmanaged,,15
33,feature.Seral.CWHvm_HW_BA_M.immature,,185
33,feature.Seral.CWHvm_HW_BA_M.mature,,186
33,feature.Seral.CWHvm_HW_BA_M.overmature,,20
33,feature.Seral.CWHvm_HW_BA_M.regenerating,,21
33,feature.Seral.CWHvm_HW_BA_M.young,,22
33,feature.Seral.immature,,185
33,feature.Seral.mature,,186
33,feature.Seral.overmature,,20
33,feature.Seral.regenerating,,21
33,feature.Seral.young,,22
33,feature.SpeciesProp.unmanaged.BA,,46
33,feature.SpeciesProp.unmanaged.HW,,333
33,feature.Yield.unmanaged.BA,,334
33,feature.Yield.unmanaged.HW,,335
33,feature.Yield.unmanaged.Total,,336
34,feature.Area.managed,,15
34,feature.Area.og1.CWHvm_HW_BA_M,,332
34,feature.Area.og1.total,,332
34,feature.Area.og2.CWHvm_HW_BA_M,,17
34,feature.Area.og2.total,,17
34,feature.Seral.CWHvm_HW_BA_M.immature,,185
34,feature.Seral.CWHvm_HW_BA_M.mature,,186
34,feature.Seral.CWHvm_HW_BA_M.overmature,,20
34,feature.Seral.CWHvm_HW_BA_M.regenerating,,21
34,feature.Seral.CWHvm_HW_BA_M.young,,22
34,feature.Seral.immature,,185
34,feature.Seral.mature,,186
34,feature.Seral.overmature,,20
34,feature.Seral.regenerating,,21
34,feature.Seral.young,,22
34,feature.SpeciesProp.managed.BA,,46
34,feature.SpeciesProp.managed.HW,,337
34,feature.Yield.managed.BA,,338
34,feature.Yield.managed.HW,,339
34,feature.Yield.managed.Total,,340
35,feature.Area.managed,,15
35,feature.Area.og1.CWHvm_HW_BA_M,,332
35,feature.Area.og1.total,,332
35,feature.Area.og2.CWHvm_HW_BA_M,,17
35,feature.Area.og2.total,,17
35,feature.Seral.CWHvm_HW_BA_M.immature,,185
35,feature.Seral.CWHvm_HW_BA_M.mature,,186
35,feature.Seral.CWHvm_HW_BA_M.overmature,,20
35,feature.Seral.CWHvm_HW_BA_M.regenerating,,21
35,feature.Seral.CWHvm_HW_BA_M.young,,22
35,feature.Seral.immature,,185
35,feature.Seral.mature,,186
35,feature.Seral.overmature,,20
35,feature.Seral.regenerating,,21
35,feature.Seral.young,,22
35,feature.SpeciesProp.managed.CW,,10
35,feature.SpeciesProp.managed.FDC,,8
35,feature.SpeciesProp.managed.HW,,24
35,feature.Yield.managed.CW,,346
35,feature.Yield.managed.FDC,,347
35,feature.Yield.managed.HW,,348
35,feature.Yield.managed.Total,,340
36,feature.Area.og1.CWHvm_FDC_HW_L,,118
36,feature.Area.og1.total,,118
36,feature.Area.og2.CWHvm_FDC_HW_L,,17
36,feature.Area.og2.total,,17
36,feature.Area.unmanaged,,15
36,feature.Seral.CWHvm_FDC_HW_L.immature,,70
36,feature.Seral.CWHvm_FDC_HW_L.mature,,139
36,feature.Seral.CWHvm_FDC_HW_L.overmature,,140
36,feature.Seral.CWHvm_FDC_HW_L.regenerating,,21
36,feature.Seral.CWHvm_FDC_HW_L.young,,22
36,feature.Seral.immature,,70
36,feature.Seral.mature,,139
36,feature.Seral.overmature,,140
36,feature.Seral.regenerating,,21
36,feature.Seral.young,,22
36,feature.SpeciesProp.unmanaged.FDC,,24
36,feature.SpeciesProp.unmanaged.HW,,352
36,feature.Yield.unmanaged.FDC,,353
36,feature.Yield.unmanaged.HW,,354
36,feature.Yield.unmanaged.Total,,355
37,feature.Area.managed,,15
37,feature.Area.og1.CWHvm_FDC_HW_L,,118
37,feature.Area.og1.total,,118
37,feature.Area.og2.CWHvm_FDC_HW_L,,17
37,feature.Area.og2.total,,17
37,feature.Seral.CWHvm_FDC_HW_L.immature,,70
37,feature.Seral.CWHvm_FDC_HW_L.mature,,139
37,feature.Seral.CWHvm_FDC_HW_L.overmature,,140
37,feature.Seral.CWHvm_FDC_HW_L.regenerating,,21
37,feature.Seral.CWHvm_FDC_HW_L.young,,22
37,feature.Seral.immature,,70
37,feature.Seral.mature,,139
37,feature.Seral.overmature,,140
37,feature.Seral.regenerating,,21
37,feature.Seral.young,,22
37,feature.SpeciesProp.managed.FDC,,73
37,feature.SpeciesProp.managed.HW,,356
37,feature.Yield.managed.FDC,,357
37,feature.Yield.managed.HW,,358
37,feature.Yield.managed.Total,,359
38,feature.Area.og1.CWHvm_CW_HW_M,,160
38,feature.Area.og1.total,,160
38,feature.Area.og2.CWHvm_CW_HW_M,,17
38,feature.Area.og2.total,,17
38,feature.Area.unmanaged,,15
38,feature.Seral.CWHvm_CW_HW_M.immature,,18
38,feature.Seral.CWHvm_CW_HW_M.mature,,119
38,feature.Seral.CWHvm_CW_HW_M.overmature,,72
38,feature.Seral.CWHvm_CW_HW_M.regenerating,,21
38,feature.Seral.CWHvm_CW_HW_M.young,,22
38,feature.Seral.immature,,18
38,feature.Seral.mature,,119
38,feature.Seral.overmature,,72
38,feature.Seral.regenerating,,21
38,feature.Seral.young,,22
38,feature.SpeciesProp.unmanaged.CW,,10
38,feature.SpeciesProp.unmanaged.FDC,,8
38,feature.SpeciesProp.unmanaged.HW,,73
38,feature.Yield.unmanaged.CW,,364
38,feature.Yield.unmanaged.FDC,,365
38,feature.Yield.unmanaged.HW,,366
38,feature.Yield.unmanaged.Total,,367
39,feature.Area.og1.CWHvm_CW_PLC_M,,368
39,feature.Area.og1.total,,368
39,feature.Area.og2.CWHvm_CW_PLC_M,,17
39,feature.Area.og2.total,,17
39,feature.Area.unmanaged,,15
39,feature.Seral.CWHvm_CW_PLC_M.immature,,369
39,feature.Seral.CWHvm_CW_PLC_M.mature,,370
39,feature.Seral.CWHvm_CW_PLC_M.overmature,,371
39,feature.Seral.CWHvm_CW_PLC_M.regenerating,,21
39,feature.Seral.CWHvm_CW_PLC_M.young,,22
39,feature.Seral.immature,,369
39,feature.Seral.mature,,370
39,feature.Seral.overmature,,371
39,feature.Seral.regenerating,,21
39,feature.Seral.young,,22
39,feature.SpeciesProp.unmanaged.CW,,372
39,feature.SpeciesProp.unmanaged.HW,,373
39,feature.SpeciesProp.unmanaged.PLC,,374
39,feature.SpeciesProp.unmanaged.YC,,375
39,feature.Yield.unmanaged.CW,,376
39,feature.Yield.unmanaged.HW,,377
39,feature.Yield.unmanaged.PLC,,378
39,feature.Yield.unmanaged.Total,,379
39,feature.Yield.unmanaged.YC,,380
40,feature.Area.managed,,15
40,feature.Area.og1.CWHvm_CW_PLC_M,,368
40,feature.Area.og1.total,,368
40,feature.Area.og2.CWHvm_CW_PLC_M,,17
40,feature.Area.og2.total,,17
40,feature.Seral.CWHvm_CW_PLC_M.immature,,369
40,feature.Seral.CWHvm_CW_PLC_M.mature,,370
40,feature.Seral.CWHvm_CW_PLC_M.overmature,,371
40,feature.Seral.CWHvm_CW_PLC_M.regenerating,,21
40,feature.Seral.CWHvm_CW_PLC_M.young,,22
40,feature.Seral.immature,,369
40,feature.Seral.mature,,370
40,feature.Seral.overmature,,371
40,feature.Seral.regenerating,,21
40,feature.Seral.young,,22
40,feature.SpeciesProp.managed.CW,,372
40,feature.SpeciesProp.managed.HW,,247
40,feature.SpeciesProp.managed.PLC,,381
40,feature.SpeciesProp.managed.YC,,382
40,feature.Yield.managed.Total,,383
41,feature.Area.managed,,15
41,feature.Area.og1.CWHvm_CW_PLC_M,,368
41,feature.Area.og1.total,,368
41,feature.Area.og2.CWHvm_CW_PLC_M,,17
41,feature.Area.og2.total,,17
41,feature.Seral.CWHvm_CW_PLC_M.immature,,369
41,feature.Seral.CWHvm_CW_PLC_M.mature,,370
41,feature.Seral.CWHvm_CW_PLC_M.overmature,,371
41,feature.Seral.CWHvm_CW_PLC_M.regenerating,,21
41,feature.Seral.CWHvm_CW_PLC_M.young,,22
41,feature.Seral.immature,,369
41,feature.Seral.mature,,370
41,feature.Seral.overmature,,371
41,feature.Seral.regenerating,,21
41,feature.Seral.young,,22
41,feature.SpeciesProp.managed.CW,,8
41,feature.SpeciesProp.managed.HW,,10
41,feature.SpeciesProp.managed.PLC,,24
41,feature.Yield.managed.Total,,383
42,feature.Area.og1.CWHvm_FDC_HW_M,,94
42,feature.Area.og1.total,,94
42,feature.Area.og2.CWHvm_FDC_HW_M,,17
42,feature.Area.og2.total,,17
42,feature.Area.unmanaged,,15
42,feature.Seral.CWHvm_FDC_HW_M.immature,,43
42,feature.Seral.CWHvm_FDC_HW_M.mature,,44
42,feature.Seral.CWHvm_FDC_HW_M.overmature,,45
42,feature.Seral.CWHvm_FDC_HW_M.regenerating,,21
42,feature.Seral.CWHvm_FDC_HW_M.young,,22
42,feature.Seral.immature,,43
42,feature.Seral.mature,,44
42,feature.Seral.overmature,,45
42,feature.Seral.regenerating,,21
42,feature.Seral.young,,22
42,feature.SpeciesProp.unmanaged.FDC,,384
42,feature.SpeciesProp.unmanaged.HW,,385
42,feature.Yield.unmanaged.FDC,,386
42,feature.Yield.unmanaged.HW,,387
42,feature.Yield.unmanaged.Total,,388
43,feature.Area.managed,,15
43,feature.Area.og1.CWHvm_FDC_HW_M,,94
43,feature.Area.og1.total,,94
43,feature.Area.og2.CWHvm_FDC_HW_M,,17
43,feature.Area.og2.total,,17
43,feature.Seral.CWHvm_FDC_HW_M.immature,,43
43,feature.Seral.CWHvm_FDC_HW_M.mature,,44
43,feature.Seral.CWHvm_FDC_HW_M.overmature,,45
43,feature.Seral.CWHvm_FDC_HW_M.regenerating,,21
43,feature.Seral.CWHvm_FDC_HW_M.young,,22
43,feature.Seral.immature,,43
43,feature.Seral.mature,,44
43,feature.Seral.overmature,,45
43,feature.Seral.regenerating,,21
43,feature.Seral.young,,22
43,feature.SpeciesProp.managed.FDC,,384
43,feature.SpeciesProp.managed.HW,,389
43,feature.Yield.managed.FDC,,390
43,feature.Yield.managed.HW,,391
43,feature.Yield.managed.Total,,392
44,feature.Area.og1.CWHvm_HW_CW_H,,228
44,feature.Area.og1.total,,228
44,feature.Area.og2.CWHvm_HW_CW_H,,17
44,feature.Area.og2.total,,17
44,feature.Area.unmanaged,,15
44,feature.Seral.CWHvm_HW_CW_H.immature,,185
44,feature.Seral.CWHvm_HW_CW_H.mature,,229
44,feature.Seral.CWHvm_HW_CW_H.overmature,,230
44,feature.Seral.CWHvm_HW_CW_H.regenerating,,21
44,feature.Seral.CWHvm_HW_CW_H.young,,22
44,feature.Seral.immature,,185
44,feature.Seral.mature,,229
44,feature.Seral.overmature,,230
44,feature.Seral.regenerating,,21
44,feature.Seral.young,,22
44,feature.SpeciesProp.unmanaged.CW,,174
44,feature.SpeciesProp.unmanaged.FDC,,175
44,feature.SpeciesProp.unmanaged.HW,,24
44,feature.Yield.unmanaged.CW,,398
44,feature.Yield.unmanaged.FDC,,399
44,feature.Yield.unmanaged.HW,,400
44,feature.Yield.unmanaged.Total,,401
45,feature.Area.og1.CWHvm_HW_SS_M,,94
45,feature.Area.og1.total,,94
45,feature.Area.og2.CWHvm_HW_SS_M,,17
45,feature.Area.og2.total,,17
45,feature.Area.unmanaged,,15
45,feature.Seral.CWHvm_HW_SS_M.immature,,185
45,feature.Seral.CWHvm_HW_SS_M.mature,,402
45,feature.Seral.CWHvm_HW_SS_M.overmature,,403
45,feature.Seral.CWHvm_HW_SS_M.regenerating,,21
45,feature.Seral.CWHvm_HW_SS_M.young,,22
45,feature.Seral.immature,,185
45,feature.Seral.mature,,402
45,feature.Seral.overmature,,403
45,feature.Seral.regenerating,,21
45,feature.Seral.young,,22
45,feature.SpeciesProp.unmanaged.HW,,248
45,feature.SpeciesProp.unmanaged.SS,,247
45,feature.Yield.unmanaged.HW,,404
45,feature.Yield.unmanaged.SS,,405
45,feature.Yield.unmanaged.Total,,406
46,feature.Area.managed,,15
46,feature.Area.og1.CWHvm_HW_SS_M,,94
46,feature.Area.og1.total,,94
46,feature.Area.og2.CWHvm_HW_SS_M,,17
46,feature.Area.og2.total,,17
46,feature.Seral.CWHvm_HW_SS_M.immature,,185
46,feature.Seral.CWHvm_HW_SS_M.mature,,402
46,feature.Seral.CWHvm_HW_SS_M.overmature,,403
46,feature.Seral.CWHvm_HW_SS_M.regenerating,,21
46,feature.Seral.CWHvm_HW_SS_M.young,,22
46,feature.Seral.immature,,185
46,feature.Seral.mature,,402
46,feature.Seral.overmature,,403
46,feature.Seral.regenerating,,21
46,feature.Seral.young,,22
46,feature.SpeciesProp.managed.HW,,248
46,feature.SpeciesProp.managed.SS,,247
46,feature.Yield.managed.HW,,407
46,feature.Yield.managed.SS,,408
46,feature.Yield.managed.Total,,409
47,feature.Area.managed,,15
47,feature.Area.og1.CWHvm_HW_SS_M,,94
47,feature.Area.og1.total,,94
47,feature.Area.og2.CWHvm_HW_SS_M,,17
47,feature.Area.og2.total,,17
47,feature.Seral.CWHvm_HW_SS_M.immature,,185
47,feature.Seral.CWHvm_HW_SS_M.mature,,402
47,feature.Seral.CWHvm_HW_SS_M.overmature,,403
47,feature.Seral.CWHvm_HW_SS_M.regenerating,,21
47,feature.Seral.CWHvm_HW_SS_M.young,,22
47,feature.Seral.immature,,185
47,feature.Seral.mature,,402
47,feature.Seral.overmature,,403
47,feature.Seral.regenerating,,21
47,feature.Seral.young,,22
47,feature.SpeciesProp.managed.CW,,10
47,feature.SpeciesProp.managed.FDC,,8
47,feature.SpeciesProp.managed.HW,,24
47,feature.Yield.managed.CW,,415
47,feature.Yield.managed.FDC,,416
47,feature.Yield.managed.HW,,417
47,feature.Yield.managed.Total,,409
48,feature.Area.og1.CWHvm_HW_SS_M,,94
48,feature.Area.og1.total,,94
48,feature.Area.og2.CWHvm_HW_SS_M,,17
48,feature.Area.og2.total,,17
48,feature.Area.unmanaged,,15
48,feature.Seral.CWHvm_HW_SS_M.immature,,185
48,feature.Seral.CWHvm_HW_SS_M.mature,,402
48,feature.Seral.CWHvm_HW_SS_M.overmature,,403
48,feature.Seral.CWHvm_HW_SS_M.regenerating,,21
48,feature.Seral.CWHvm_HW_SS_M.young,,22
48,feature.Seral.immature,,185
48,feature.Seral.mature,,402
48,feature.Seral.overmature,,403
48,feature.Seral.regenerating,,21
48,feature.Seral.young,,22
48,feature.SpeciesProp.unmanaged.CW,,10
48,feature.SpeciesProp.unmanaged.FDC,,8
48,feature.SpeciesProp.unmanaged.HW,,24
48,feature.Yield.unmanaged.CW,,421
48,feature.Yield.unmanaged.FDC,,422
48,feature.Yield.unmanaged.HW,,423
48,feature.Yield.unmanaged.Total,,424
49,feature.Area.og1.CWHvm_FDC_HW_H,,42
49,feature.Area.og1.total,,42
49,feature.Area.og2.CWHvm_FDC_HW_H,,17
49,feature.Area.og2.total,,17
49,feature.Area.unmanaged,,15
49,feature.Seral.CWHvm_FDC_HW_H.immature,,43
49,feature.Seral.CWHvm_FDC_HW_H.mature,,44
49,feature.Seral.CWHvm_FDC_HW_H.overmature,,45
49,feature.Seral.CWHvm_FDC_HW_H.regenerating,,21
49,feature.Seral.CWHvm_FDC_HW_H.young,,22
49,feature.Seral.immature,,43
49,feature.Seral.mature,,44
49,feature.Seral.overmature,,45
49,feature.Seral.regenerating,,21
49,feature.Seral.young,,22
49,feature.SpeciesProp.unmanaged.FDC,,24
49,feature.SpeciesProp.unmanaged.HW,,352
49,feature.Yield.unmanaged.FDC,,425
49,feature.Yield.unmanaged.HW,,426
49,feature.Yield.unmanaged.Total,,427
50,feature.Area.managed,,15
50,feature.Area.og1.CWHvm_FDC_HW_H,,42
50,feature.Area.og1.total,,42
50,feature.Area.og2.CWHvm_FDC_HW_H,,17
50,feature.Area.og2.total,,17
50,feature.Seral.CWHvm_FDC_HW_H.immature,,43
50,feature.Seral.CWHvm_FDC_HW_H.mature,,44
50,feature.Seral.CWHvm_FDC_HW_H.overmature,,45
50,feature.Seral.CWHvm_FDC_HW_H.regenerating,,21
50,feature.Seral.CWHvm_FDC_HW_H.young,,22
50,feature.Seral.immature,,43
50,feature.Seral.mature,,44
50,feature.Seral.overmature,,45
50,feature.Seral.regenerating,,21
50,feature.Seral.young,,22
50,feature.SpeciesProp.managed.FDC,,24
50,feature.SpeciesProp.managed.HW,,352
50,feature.Yield.managed.FDC,,428
50,feature.Yield.managed.HW,,429
50,feature.Yield.managed.Total,,56
